Date,High,Low,Open,Close,Volume,Adj Close
2015-01-02,102.62000274658203,100.01000213623047,101.5,100.77999877929688,3060900.0,91.65350341796875
2015-01-05,100.44999694824219,98.75,100.30000305175781,99.12000274658203,4679000.0,90.14384460449219
2015-01-06,100.13999938964844,98.45999908447266,99.83000183105469,98.91999816894531,3468300.0,89.96194458007812
2015-01-07,100.30000305175781,98.91999816894531,98.95999908447266,99.93000030517578,3225800.0,90.88048553466797
2015-01-08,104.9800033569336,100.72000122070312,101.56999969482422,104.69999694824219,5346100.0,95.21852111816406
2015-01-09,104.62999725341797,102.9000015258789,104.41999816894531,103.72000122070312,3397600.0,94.32727813720703
2015-01-12,104.0,101.91000366210938,103.83000183105469,102.55000305175781,3051500.0,93.26322174072266
2015-01-13,105.5999984741211,101.83999633789062,103.94000244140625,103.06999969482422,3856500.0,93.73612213134766
2015-01-14,103.4800033569336,101.18000030517578,101.61000061035156,103.33000183105469,4725600.0,93.97257232666016
2015-01-15,104.58999633789062,103.12999725341797,103.55999755859375,104.45999908447266,5888900.0,95.000244140625
2015-01-16,106.0,103.6500015258789,104.5,105.7699966430664,6045500.0,96.19161987304688
2015-01-20,106.37999725341797,104.5,106.19999694824219,105.62000274658203,6526800.0,96.05521392822266
2015-01-21,109.44999694824219,105.62000274658203,106.5199966430664,109.31999969482422,8293700.0,99.4201431274414
2015-01-22,114.12000274658203,109.33000183105469,109.75,113.8499984741211,8055200.0,103.5398941040039
2015-01-23,114.31999969482422,112.0,113.63999938964844,112.0,5256000.0,101.85742950439453
2015-01-26,112.0,110.76000213623047,112.0,111.61000061035156,4203400.0,101.50274658203125
2015-01-27,111.25,109.91999816894531,110.94999694824219,110.01000213623047,4718300.0,100.0476303100586
2015-01-28,110.87999725341797,108.44999694824219,110.56999969482422,108.45999908447266,6633500.0,98.63803100585938
2015-01-29,109.58000183105469,106.73999786376953,108.1500015258789,109.38999938964844,4912300.0,99.48380279541016
2015-01-30,109.38999938964844,106.13999938964844,108.62000274658203,106.25,5397500.0,96.62813568115234
2015-02-02,107.33999633789062,105.06999969482422,106.7300033569336,107.29000091552734,4657100.0,97.57396697998047
2015-02-03,108.0,106.5199966430664,107.3499984741211,107.80999755859375,4192600.0,98.04686737060547
2015-02-04,108.73999786376953,106.75,106.83000183105469,107.91999816894531,4768900.0,98.14692687988281
2015-02-05,109.80999755859375,108.31999969482422,108.31999969482422,108.81999969482422,3297700.0,98.96541595458984
2015-02-06,109.4000015258789,107.19000244140625,108.58999633789062,107.5999984741211,3661400.0,97.85588836669922
2015-02-09,107.23999786376953,106.27999877929688,106.93000030517578,106.48999786376953,3909700.0,96.84640502929688
2015-02-10,109.45999908447266,107.12999725341797,107.26000213623047,108.97000122070312,5437400.0,99.10183715820312
2015-02-11,110.05999755859375,108.37999725341797,108.7300033569336,109.8499984741211,3798500.0,99.90213775634766
2015-02-12,110.77999877929688,108.83000183105469,110.69999694824219,109.83999633789062,3378000.0,99.89302062988281
2015-02-13,109.83999633789062,108.68000030517578,109.69000244140625,109.44000244140625,3727600.0,99.52925872802734
2015-02-17,109.76000213623047,108.5199966430664,109.33999633789062,109.76000213623047,3430600.0,99.82029724121094
2015-02-18,110.22000122070312,108.94999694824219,109.76000213623047,109.7699966430664,2958700.0,99.8293685913086
2015-02-19,110.36000061035156,109.44000244140625,109.54000091552734,110.02999877929688,2674800.0,100.06583404541016
2015-02-20,112.81999969482422,109.44000244140625,109.95999908447266,112.62000274658203,4647100.0,102.42130279541016
2015-02-23,116.48999786376953,112.8499984741211,112.98999786376953,116.4000015258789,7060000.0,105.85897827148438
2015-02-24,116.58000183105469,115.31999969482422,116.26000213623047,115.43000030517578,3582800.0,104.976806640625
2015-02-25,115.81999969482422,113.72000122070312,115.81999969482422,114.05000305175781,3845900.0,103.72180938720703
2015-02-26,114.62000274658203,113.37000274658203,114.41000366210938,113.66000366210938,3126800.0,103.36710357666016
2015-02-27,114.25,113.41000366210938,113.7699966430664,113.62999725341797,4016400.0,103.33982849121094
2015-03-02,114.8499984741211,113.62999725341797,113.62999725341797,114.4000015258789,2952200.0,104.04010772705078
2015-03-03,114.48999786376953,112.36000061035156,113.94999694824219,112.86000061035156,3163700.0,102.63956451416016
2015-03-04,113.97000122070312,111.6500015258789,112.25,113.81999969482422,3180900.0,103.51261901855469
2015-03-05,115.72000122070312,114.06999969482422,114.06999969482422,114.79000091552734,2941400.0,104.39478302001953
2015-03-06,115.16000366210938,112.61000061035156,115.16000366210938,112.87999725341797,3196900.0,102.6577377319336
2015-03-09,114.95999908447266,112.87000274658203,112.97000122070312,114.9000015258789,3942000.0,104.49482727050781
2015-03-10,114.41000366210938,112.45999908447266,114.26000213623047,112.45999908447266,3957900.0,102.27577209472656
2015-03-11,113.58999633789062,112.63999938964844,112.9000015258789,112.72000122070312,2593700.0,102.85519409179688
2015-03-12,115.05000305175781,113.1500015258789,113.31999969482422,114.87999725341797,3258600.0,104.82617950439453
2015-03-13,115.38999938964844,113.52999877929688,114.44000244140625,115.25,3066800.0,105.16380310058594
2015-03-16,118.69000244140625,115.81999969482422,116.0,118.5199966430664,4692200.0,108.14761352539062
2015-03-17,118.12999725341797,116.91999816894531,118.08000183105469,117.5999984741211,3303500.0,107.30811309814453
2015-03-18,120.5199966430664,116.7300033569336,117.43000030517578,119.95999908447266,5533500.0,109.46159362792969
2015-03-19,121.0999984741211,119.81999969482422,120.0,120.76000213623047,4032500.0,110.19157409667969
2015-03-20,121.52999877929688,119.0,121.3499984741211,119.13999938964844,7195700.0,108.71337127685547
2015-03-23,120.4800033569336,118.58999633789062,119.4800033569336,119.04000091552734,4576500.0,108.62212371826172
2015-03-24,119.63999938964844,118.08000183105469,118.9000015258789,118.12000274658203,3054700.0,107.78260040283203
2015-03-25,119.75,116.51000213623047,118.8499984741211,116.54000091552734,3385500.0,106.34090423583984
2015-03-26,117.20999908447266,114.5999984741211,116.06999969482422,116.25,2856400.0,106.07625579833984
2015-03-27,118.22000122070312,116.0199966430664,116.05999755859375,118.01000213623047,2608500.0,107.6822509765625
2015-03-30,123.76000213623047,120.52999877929688,122.31999969482422,121.0,5178500.0,110.41058349609375
2015-03-31,120.93000030517578,118.22000122070312,120.80000305175781,118.29000091552734,4573100.0,107.93775939941406
2015-04-01,119.5199966430664,116.54000091552734,119.5199966430664,117.44999694824219,4826200.0,107.17125701904297
2015-04-02,118.37999725341797,116.87000274658203,117.5999984741211,117.36000061035156,2497100.0,107.08912658691406
2015-04-06,118.5199966430664,115.94999694824219,116.0199966430664,117.69999694824219,2544700.0,107.39936065673828
2015-04-07,119.83000183105469,117.2699966430664,119.44999694824219,117.3499984741211,2528500.0,107.08000183105469
2015-04-08,118.83000183105469,117.47000122070312,117.77999877929688,118.19000244140625,2627000.0,107.84649658203125
2015-04-09,118.76000213623047,117.5999984741211,117.83000183105469,118.55000305175781,2247200.0,108.17498016357422
2015-04-10,119.0999984741211,117.97000122070312,118.55000305175781,119.0,2232600.0,108.5855941772461
2015-04-13,121.30999755859375,119.12999725341797,121.0,119.37000274658203,3961000.0,108.92322540283203
2015-04-14,120.18000030517578,118.5199966430664,119.33999633789062,119.91999816894531,3208800.0,109.42508697509766
2015-04-15,120.73999786376953,116.55000305175781,120.37999725341797,117.31999969482422,7344000.0,107.05264282226562
2015-04-16,122.31999969482422,120.5199966430664,121.93000030517578,121.5999984741211,7068000.0,110.95804595947266
2015-04-17,121.05000305175781,117.73999786376953,121.0,118.70999908447266,4390000.0,108.32098388671875
2015-04-20,120.33000183105469,118.06999969482422,119.8499984741211,118.58000183105469,4650700.0,108.2023696899414
2015-04-21,119.62999725341797,118.76000213623047,119.0,119.27999877929688,3379800.0,108.8410873413086
2015-04-22,119.94000244140625,117.16999816894531,119.54000091552734,117.80999755859375,3846700.0,107.499755859375
2015-04-23,118.58000183105469,116.95999908447266,117.4800033569336,118.26000213623047,3244300.0,107.91036224365234
2015-04-24,119.08999633789062,118.0199966430664,118.27999877929688,118.69000244140625,3139200.0,108.3027114868164
2015-04-27,119.41000366210938,116.06999969482422,119.18000030517578,116.23999786376953,5174300.0,106.06715393066406
2015-04-28,117.73999786376953,114.27999877929688,116.88999938964844,117.58999633789062,4144800.0,107.29900360107422
2015-04-29,117.31999969482422,112.04000091552734,116.22000122070312,113.61000061035156,7122600.0,103.66731262207031
2015-04-30,114.33000183105469,111.12000274658203,113.52999877929688,111.4000015258789,6705600.0,101.65074920654297
2015-05-01,113.66000366210938,111.73999786376953,112.29000091552734,113.19999694824219,5805100.0,103.29318237304688
2015-05-04,114.93000030517578,113.44999694824219,113.69999694824219,114.55999755859375,3531500.0,104.5341796875
2015-05-05,114.27999877929688,113.01000213623047,113.94000244140625,113.37000274658203,3960400.0,103.44833374023438
2015-05-06,114.48999786376953,112.66000366210938,114.0,113.48999786376953,3369800.0,103.55779266357422
2015-05-07,115.13999938964844,113.11000061035156,113.1500015258789,114.76000213623047,3300200.0,104.7166748046875
2015-05-08,116.58999633789062,115.05000305175781,115.93000030517578,115.68000030517578,3066000.0,105.5561752319336
2015-05-11,115.79000091552734,114.72000122070312,115.61000061035156,114.7699966430664,3376400.0,104.72577667236328
2015-05-12,115.08000183105469,113.83000183105469,114.2300033569336,114.63999938964844,3844600.0,104.607177734375
2015-05-13,116.30000305175781,114.62000274658203,114.62000274658203,115.86000061035156,3667700.0,105.72042083740234
2015-05-14,118.62000274658203,116.20999908447266,117.18000030517578,118.52999877929688,4771400.0,108.15673828125
2015-05-15,119.3499984741211,118.30999755859375,118.77999877929688,119.33000183105469,3083800.0,108.88671875
2015-05-18,119.9800033569336,118.83999633789062,119.22000122070312,119.80000305175781,2824700.0,109.31558990478516
2015-05-19,121.12999725341797,119.69000244140625,119.81999969482422,120.55000305175781,3554900.0,109.99995422363281
2015-05-20,121.8499984741211,120.02999877929688,120.7300033569336,121.23999786376953,3379200.0,110.62956237792969
2015-05-21,120.83999633789062,120.05000305175781,120.76000213623047,120.45999908447266,2983500.0,109.9178466796875
2015-05-22,120.77999877929688,119.13999938964844,120.30000305175781,119.58999633789062,2945900.0,109.12397766113281
2015-05-26,119.58999633789062,117.69999694824219,119.22000122070312,118.23999786376953,3014500.0,107.89212036132812
2015-05-27,119.8499984741211,118.2699966430664,118.87999725341797,119.44999694824219,2887700.0,108.9962387084961
2015-05-28,119.81999969482422,118.29000091552734,119.30999755859375,119.62000274658203,2873600.0,109.15133666992188
2015-05-29,121.62000274658203,117.73999786376953,120.05999755859375,120.20999908447266,6019900.0,109.68972778320312
2015-06-01,120.55999755859375,118.75,120.54000091552734,119.86000061035156,3876400.0,109.3703384399414
2015-06-02,119.68000030517578,117.41000366210938,119.48999786376953,117.75,4219500.0,107.44499206542969
2015-06-03,118.98999786376953,117.44999694824219,118.0,118.3499984741211,3438100.0,107.99249267578125
2015-06-04,117.97000122070312,116.02999877929688,117.91999816894531,116.6500015258789,3300300.0,106.44127655029297
2015-06-05,116.75,115.36000061035156,116.33000183105469,116.52999877929688,2724500.0,106.3317642211914
2015-06-08,117.66999816894531,116.31999969482422,116.37999725341797,116.91000366210938,3271300.0,106.67852020263672
2015-06-09,117.37999725341797,115.79000091552734,116.93000030517578,116.98999786376953,3047300.0,106.75151824951172
2015-06-10,118.87999725341797,116.7300033569336,117.02999877929688,118.55000305175781,4006400.0,108.17498016357422
2015-06-11,119.94000244140625,118.22000122070312,118.41000366210938,119.31999969482422,3815600.0,109.3387451171875
2015-06-12,119.0,117.5,118.83999633789062,117.6500015258789,3076600.0,107.8084487915039
2015-06-15,120.87999725341797,116.0,116.83000183105469,118.9800033569336,6809500.0,109.02719116210938
2015-06-16,122.18000030517578,119.0,119.13999938964844,121.55000305175781,7229400.0,111.38220977783203
2015-06-17,122.19999694824219,119.16999816894531,121.9000015258789,119.73999786376953,4805900.0,109.72362518310547
2015-06-18,121.37999725341797,119.91999816894531,120.38999938964844,120.88999938964844,3478300.0,110.77741241455078
2015-06-19,120.87999725341797,119.9000015258789,120.6500015258789,120.33000183105469,4178700.0,110.26425170898438
2015-06-22,122.2300033569336,119.94000244140625,121.62999725341797,120.25,4435600.0,110.19096374511719
2015-06-23,122.7699966430664,121.01000213623047,121.37000274658203,122.73999786376953,4991000.0,112.47265625
2015-06-24,123.0,119.0999984741211,122.80000305175781,119.16999816894531,4650500.0,109.2012939453125
2015-06-25,123.41000366210938,119.5,119.56999969482422,122.33000183105469,6149500.0,112.09696197509766
2015-06-26,124.11000061035156,122.7300033569336,123.79000091552734,123.25,16358200.0,112.94001770019531
2015-06-29,123.02999877929688,121.11000061035156,122.04000091552734,121.19000244140625,3604000.0,111.05232238769531
2015-06-30,122.94000244140625,121.0,122.41999816894531,122.0,4982600.0,111.79456329345703
2015-07-01,123.6500015258789,122.22000122070312,122.94999694824219,123.37999725341797,3269300.0,113.05913543701172
2015-07-02,123.87999725341797,121.0199966430664,123.81999969482422,121.80999755859375,3682300.0,111.62046813964844
2015-07-06,123.0999984741211,119.26000213623047,119.5999984741211,122.16000366210938,6522800.0,111.94119262695312
2015-07-07,122.80000305175781,117.80999755859375,122.36000061035156,120.69999694824219,6476200.0,110.60330963134766
2015-07-08,119.98999786376953,118.4000015258789,119.05000305175781,118.77999877929688,4009800.0,108.84391784667969
2015-07-09,120.55999755859375,119.30999755859375,120.04000091552734,119.33999633789062,3315600.0,109.35707092285156
2015-07-10,122.75,120.69999694824219,120.98999786376953,122.1500015258789,4033500.0,111.93205261230469
2015-07-13,123.75,121.80999755859375,123.0999984741211,122.44999694824219,3766900.0,112.20692443847656
2015-07-14,125.19999694824219,122.0,122.18000030517578,125.0,4192400.0,114.54362487792969
2015-07-15,126.05000305175781,123.80999755859375,124.94999694824219,125.86000061035156,5067300.0,115.3316879272461
2015-07-16,125.5,122.0999984741211,125.41999816894531,124.93000030517578,7216600.0,114.47948455810547
2015-07-17,124.9800033569336,123.69999694824219,124.69999694824219,123.8499984741211,3702700.0,113.48983001708984
2015-07-20,124.2300033569336,122.33000183105469,124.05000305175781,122.6500015258789,3199700.0,112.39019012451172
2015-07-21,122.72000122070312,120.33999633789062,122.56999969482422,120.86000061035156,4239100.0,110.74993896484375
2015-07-22,121.23999786376953,120.08000183105469,120.97000122070312,120.61000061035156,3384700.0,110.52083587646484
2015-07-23,121.68000030517578,118.76000213623047,121.62999725341797,119.33000183105469,4896100.0,109.34791564941406
2015-07-24,119.72000122070312,117.58000183105469,119.12000274658203,117.94000244140625,3840600.0,108.07418060302734
2015-07-27,118.08999633789062,116.66000366210938,117.87999725341797,117.87999725341797,3752300.0,108.01921081542969
2015-07-28,121.56999969482422,118.5,118.73999786376953,121.5199966430664,5216900.0,111.35472106933594
2015-07-29,122.11000061035156,120.62000274658203,121.81999969482422,121.5199966430664,3924400.0,111.35472106933594
2015-07-30,121.91999816894531,119.55000305175781,121.13999938964844,120.55999755859375,3732400.0,110.47502136230469
2015-07-31,122.72000122070312,120.47000122070312,120.47000122070312,121.4000015258789,3593000.0,111.2447509765625
2015-08-03,122.16999816894531,120.13999938964844,121.61000061035156,120.88999938964844,2541300.0,110.77741241455078
2015-08-04,121.62999725341797,120.2300033569336,121.58000183105469,120.83999633789062,2058200.0,110.73160552978516
2015-08-05,124.23999786376953,121.76000213623047,121.76000213623047,123.91999816894531,3831900.0,113.55393981933594
2015-08-06,124.63999938964844,121.80000305175781,124.37000274658203,122.04000091552734,3014900.0,111.83124542236328
2015-08-07,121.86000061035156,120.26000213623047,121.70999908447266,121.81999969482422,2276300.0,111.6296157836914
2015-08-10,123.33999633789062,121.94000244140625,122.5,122.4800033569336,2480000.0,112.23443603515625
2015-08-11,123.0199966430664,121.2699966430664,121.2699966430664,122.26000213623047,2756000.0,112.0328140258789
2015-08-12,121.77999877929688,119.05000305175781,121.26000213623047,121.19999694824219,3005300.0,111.06149291992188
2015-08-13,121.98999786376953,120.29000091552734,121.33000183105469,120.5199966430664,3253400.0,110.43834686279297
2015-08-14,121.18000030517578,120.26000213623047,120.56999969482422,121.0199966430664,2040500.0,110.89655303955078
2015-08-17,123.94999694824219,120.30000305175781,120.4000015258789,123.81999969482422,2951800.0,113.46231842041016
2015-08-18,126.20999908447266,123.81999969482422,123.87999725341797,125.5,4140200.0,115.00179290771484
2015-08-19,124.98999786376953,122.8499984741211,124.70999908447266,123.22000122070312,3411500.0,112.91250610351562
2015-08-20,122.41999816894531,119.79000091552734,122.23999786376953,119.79000091552734,3201600.0,109.76944732666016
2015-08-21,118.80000305175781,116.01000213623047,118.25,116.27999877929688,5627800.0,106.55304718017578
2015-08-24,112.43000030517578,95.0,110.86000061035156,110.43000030517578,8824900.0,101.19242095947266
2015-08-25,114.58999633789062,109.80000305175781,113.0,109.9800033569336,8109900.0,100.7800521850586
2015-08-26,113.83000183105469,110.27999877929688,112.55999755859375,113.45999908447266,7503200.0,103.96896362304688
2015-08-27,117.83000183105469,114.95999908447266,115.25,117.7699966430664,5783700.0,107.91842651367188
2015-08-28,117.83999633789062,116.0,117.38999938964844,117.27999877929688,3333100.0,107.46939086914062
2015-08-31,118.77999877929688,115.16000366210938,117.20999908447266,115.69999694824219,4087000.0,106.02156829833984
2015-09-01,114.22000122070312,112.06999969482422,113.36000061035156,112.62999725341797,4658100.0,103.2083969116211
2015-09-02,114.5999984741211,112.52999877929688,113.83000183105469,114.2300033569336,4522100.0,104.67454528808594
2015-09-03,115.91999816894531,113.45999908447266,114.73999786376953,113.98999786376953,3137100.0,104.45460510253906
2015-09-04,113.06999969482422,111.26000213623047,112.5,112.36000061035156,3394900.0,102.96097564697266
2015-09-08,116.20999908447266,113.66999816894531,114.12999725341797,116.08999633789062,3990600.0,106.37894439697266
2015-09-09,117.72000122070312,114.83000183105469,117.29000091552734,115.08000183105469,3753500.0,105.90957641601562
2015-09-10,117.94000244140625,114.7300033569336,114.8499984741211,116.7699966430664,5525700.0,107.46489715576172
2015-09-11,118.87000274658203,115.86000061035156,116.16999816894531,118.69999694824219,3752500.0,109.24111938476562
2015-09-14,119.5,117.1500015258789,119.02999877929688,117.80000305175781,2686500.0,108.41285705566406
2015-09-15,120.61000061035156,117.43000030517578,118.61000061035156,120.02999877929688,3072100.0,110.46514892578125
2015-09-16,121.36000061035156,119.55000305175781,120.2699966430664,121.1500015258789,3475700.0,111.49588775634766
2015-09-17,125.12000274658203,120.9000015258789,121.5,123.26000213623047,5466500.0,113.43775177001953
2015-09-18,123.7699966430664,121.81999969482422,122.20999908447266,122.47000122070312,7458400.0,112.71070861816406
2015-09-21,124.2699966430664,121.38999938964844,123.48999786376953,123.94000244140625,3476700.0,114.06355285644531
2015-09-22,123.79000091552734,121.44000244140625,121.44000244140625,122.93000030517578,4566800.0,113.1340560913086
2015-09-23,124.20999908447266,122.04000091552734,123.0,123.27999877929688,3131300.0,113.45614624023438
2015-09-24,122.62999725341797,119.2699966430664,122.3499984741211,121.08999633789062,4735800.0,111.4406509399414
2015-09-25,122.41000366210938,115.2300033569336,122.18000030517578,116.37000274658203,8060200.0,107.0967788696289
2015-09-28,115.81999969482422,111.01000213623047,115.55000305175781,112.69999694824219,5727000.0,103.71925354003906
2015-09-29,114.86000061035156,111.61000061035156,112.88999938964844,114.22000122070312,5142700.0,105.11811828613281
2015-09-30,116.91999816894531,114.87999725341797,115.38999938964844,116.01000213623047,4638600.0,106.76549530029297
2015-10-01,116.70999908447266,114.91000366210938,115.94000244140625,116.61000061035156,3768300.0,107.31765747070312
2015-10-02,118.8499984741211,114.81999969482422,115.13999938964844,118.83000183105469,3521600.0,109.36076354980469
2015-10-05,120.33999633789062,118.12999725341797,119.66999816894531,119.6500015258789,3491200.0,110.11541748046875
2015-10-06,119.5999984741211,114.66999816894531,119.45999908447266,116.05000305175781,4652000.0,106.80227661132812
2015-10-07,116.80999755859375,114.5999984741211,116.45999908447266,116.43000030517578,4282000.0,107.15201568603516
2015-10-08,116.94000244140625,114.9000015258789,116.43000030517578,116.08000183105469,3646500.0,106.82991790771484
2015-10-09,119.47000122070312,115.95999908447266,115.98999786376953,119.2699966430664,4485100.0,109.76570892333984
2015-10-12,123.06999969482422,118.55999755859375,119.01000213623047,122.51000213623047,5840000.0,112.74750518798828
2015-10-13,125.98999786376953,121.58999633789062,123.16000366210938,123.98999786376953,6655700.0,114.10956573486328
2015-10-14,125.0,120.83999633789062,123.8499984741211,122.06999969482422,5592200.0,112.34258270263672
2015-10-15,120.5,115.95999908447266,119.0,120.16999816894531,8012400.0,110.59400177001953
2015-10-16,120.8499984741211,118.58000183105469,120.8499984741211,119.9800033569336,4416500.0,110.41911315917969
2015-10-19,120.91000366210938,119.19999694824219,119.77999877929688,120.7300033569336,3707500.0,111.1093521118164
2015-10-20,121.56999969482422,119.69000244140625,120.63999938964844,120.41999816894531,3278400.0,110.82405090332031
2015-10-21,120.80000305175781,115.2699966430664,120.69000244140625,118.11000061035156,5305600.0,108.69813537597656
2015-10-22,119.02999877929688,110.06999969482422,118.20999908447266,113.80999755859375,10475000.0,104.74079132080078
2015-10-23,116.62000274658203,114.04000091552734,114.44999694824219,115.91999816894531,5497500.0,106.68264770507812
2015-10-26,117.0,115.0,115.91999816894531,116.52999877929688,3377100.0,107.24403381347656
2015-10-27,119.5199966430664,115.9000015258789,116.38999938964844,119.37000274658203,4008400.0,109.85772705078125
2015-10-28,120.13999938964844,115.91000366210938,119.76000213623047,119.77999877929688,4405500.0,110.23506164550781
2015-10-29,121.66999816894531,119.5,119.79000091552734,119.70999908447266,3257500.0,110.1706314086914
2015-10-30,120.37000274658203,117.77999877929688,119.93000030517578,117.77999877929688,4237800.0,108.39442443847656
2015-11-02,119.94999694824219,117.83999633789062,118.63999938964844,118.69000244140625,3874200.0,109.2319107055664
2015-11-03,118.45999908447266,116.25,118.16999816894531,117.66000366210938,2758200.0,108.28398895263672
2015-11-04,117.75,114.05999755859375,117.5999984741211,114.63999938964844,5396100.0,105.504638671875
2015-11-05,116.7699966430664,113.62999725341797,114.9800033569336,116.2300033569336,4009100.0,106.96796417236328
2015-11-06,115.80000305175781,114.01000213623047,115.2300033569336,114.80999755859375,4106900.0,105.66110229492188
2015-11-09,114.63999938964844,113.01000213623047,114.12999725341797,114.26000213623047,2755100.0,105.1549301147461
2015-11-10,116.19999694824219,114.02999877929688,114.2699966430664,115.88999938964844,2842600.0,106.65503692626953
2015-11-11,116.86000061035156,114.3499984741211,116.3499984741211,114.54000091552734,2374200.0,105.41260528564453
2015-11-12,114.73999786376953,112.52999877929688,113.76000213623047,112.81999969482422,3341300.0,103.82968139648438
2015-11-13,113.0199966430664,111.18000030517578,112.48999786376953,111.41000366210938,3767300.0,102.53205108642578
2015-11-16,114.13999938964844,110.79000091552734,110.9000015258789,113.81999969482422,2450000.0,104.74998474121094
2015-11-17,115.44000244140625,113.16999816894531,113.7300033569336,114.38999938964844,1981400.0,105.27455139160156
2015-11-18,117.52999877929688,113.75,114.25,117.25,3319900.0,107.90666198730469
2015-11-19,113.70999908447266,109.61000061035156,109.79000091552734,110.62999725341797,15731900.0,101.81419372558594
2015-11-20,114.44000244140625,110.5999984741211,110.88999938964844,112.97000122070312,7059400.0,103.96772003173828
2015-11-23,114.48999786376953,112.0999984741211,112.97000122070312,112.16000366210938,3780400.0,103.2222671508789
2015-11-24,113.44999694824219,111.05999755859375,111.37999725341797,113.19000244140625,3244800.0,104.17020416259766
2015-11-25,115.05000305175781,113.0,113.47000122070312,114.41000366210938,2959200.0,105.29297637939453
2015-11-27,115.9000015258789,114.08000183105469,114.48999786376953,114.33999633789062,1740400.0,105.2285385131836
2015-11-30,114.81999969482422,112.62000274658203,114.55999755859375,112.70999908447266,4605200.0,103.72845458984375
2015-12-01,116.37000274658203,113.05000305175781,113.52999877929688,116.26000213623047,5467000.0,106.99555206298828
2015-12-02,119.37999725341797,116.11000061035156,116.23999786376953,117.63999938964844,6071100.0,108.73320007324219
2015-12-03,118.27999877929688,114.43000030517578,117.80000305175781,115.0,4286600.0,106.2930908203125
2015-12-04,118.25,115.23999786376953,115.58999633789062,117.73999786376953,3588200.0,108.82563018798828
2015-12-07,117.88999938964844,115.19999694824219,117.88999938964844,115.91000366210938,3164300.0,107.13420867919922
2015-12-08,116.3499984741211,113.94999694824219,114.94999694824219,115.87999725341797,3551900.0,107.10646057128906
2015-12-09,116.81999969482422,114.66000366210938,115.4000015258789,115.05000305175781,3839100.0,106.3393325805664
2015-12-10,117.05000305175781,114.33999633789062,115.05000305175781,116.20999908447266,3202600.0,107.4114990234375
2015-12-11,117.33999633789062,114.62000274658203,116.20999908447266,115.9800033569336,3830800.0,107.19889068603516
2015-12-14,116.73999786376953,114.43000030517578,115.87999725341797,115.8499984741211,3867200.0,107.07874298095703
2015-12-15,118.5,116.66000366210938,116.87000274658203,117.61000061035156,3124100.0,108.70550537109375
2015-12-16,119.76000213623047,116.9000015258789,118.30000305175781,118.83000183105469,3516900.0,109.8331298828125
2015-12-17,121.08999633789062,118.63999938964844,118.83000183105469,119.22000122070312,3945800.0,110.19359588623047
2015-12-18,118.86000061035156,115.81999969482422,118.61000061035156,115.81999969482422,7574800.0,107.0510025024414
2015-12-21,117.7699966430664,116.0,116.56999969482422,117.41000366210938,3185200.0,108.52064514160156
2015-12-22,118.33999633789062,116.20999908447266,118.19000244140625,117.44000244140625,2821600.0,108.5483627319336
2015-12-23,118.83000183105469,117.55000305175781,117.9000015258789,118.69000244140625,2479600.0,109.70372009277344
2015-12-24,119.18000030517578,118.29000091552734,118.52999877929688,118.33999633789062,900100.0,109.38021087646484
2015-12-28,118.61000061035156,117.37999725341797,118.26000213623047,118.33000183105469,1582600.0,109.3709945678711
2015-12-29,120.41000366210938,118.69999694824219,118.87000274658203,119.81999969482422,2027600.0,110.7481689453125
2015-12-30,120.11000061035156,118.66000366210938,120.02999877929688,118.91999816894531,1747700.0,109.9162826538086
2015-12-31,119.37000274658203,117.36000061035156,118.63999938964844,117.63999938964844,2372500.0,108.73320007324219
2016-01-04,116.91000366210938,114.52999877929688,116.91000366210938,116.45999908447266,4991000.0,107.64253997802734
2016-01-05,117.88999938964844,116.20999908447266,116.72000122070312,116.68000030517578,2816800.0,107.84590911865234
2016-01-06,116.6500015258789,114.5,115.77999877929688,115.48999786376953,2677300.0,106.74598693847656
2016-01-07,114.08999633789062,111.41999816894531,113.62999725341797,112.08999633789062,5277200.0,103.6034164428711
2016-01-08,113.0,109.76000213623047,112.3499984741211,110.16000366210938,4422400.0,101.81954193115234
2016-01-11,110.62000274658203,108.19000244140625,110.51000213623047,109.58000183105469,4525800.0,101.28343200683594
2016-01-12,113.12999725341797,110.05000305175781,110.36000061035156,112.26000213623047,4037800.0,103.76055908203125
2016-01-13,113.04000091552734,108.93000030517578,112.41000366210938,109.2300033569336,3434300.0,100.95996856689453
2016-01-14,111.80000305175781,107.51000213623047,108.73999786376953,110.76000213623047,4238200.0,102.37413024902344
2016-01-15,110.6500015258789,107.79000091552734,109.08000183105469,109.2699966430664,6357000.0,100.9969253540039
2016-01-19,114.16000366210938,109.5999984741211,111.48999786376953,112.58000183105469,7122800.0,104.05631256103516
2016-01-20,115.73999786376953,110.1500015258789,112.08999633789062,114.79000091552734,8380700.0,106.0989990234375
2016-01-21,115.4800033569336,112.26000213623047,114.66999816894531,113.5,5413900.0,104.90666198730469
2016-01-22,115.1500015258789,113.88999938964844,114.66999816894531,114.33000183105469,3622200.0,105.67381286621094
2016-01-25,115.30999755859375,112.8499984741211,114.5199966430664,113.37999725341797,2908500.0,104.79573822021484
2016-01-26,114.18000030517578,111.76000213623047,112.91000366210938,113.95999908447266,4592500.0,105.33184814453125
2016-01-27,114.80999755859375,111.83999633789062,114.43000030517578,112.33000183105469,4720300.0,103.82526397705078
2016-01-28,113.25,110.61000061035156,112.29000091552734,111.37999725341797,3525600.0,102.94715881347656
2016-01-29,115.16000366210938,110.62000274658203,111.93000030517578,115.16000366210938,5280800.0,106.44097900390625
2016-02-01,116.1500015258789,114.11000061035156,114.83000183105469,115.88999938964844,4333500.0,107.11571502685547
2016-02-02,115.38999938964844,113.2699966430664,114.94999694824219,113.87999725341797,2997700.0,105.25788116455078
2016-02-03,114.37000274658203,110.30000305175781,114.37000274658203,112.75,3462300.0,104.21345520019531
2016-02-04,114.55000305175781,112.04000091552734,112.66999816894531,114.19999694824219,3608300.0,105.55368041992188
2016-02-05,114.20999908447266,110.9000015258789,114.06999969482422,111.72000122070312,3330800.0,103.26144409179688
2016-02-08,111.12000274658203,108.83000183105469,110.5,110.0199966430664,5050200.0,101.69013977050781
2016-02-09,112.27999877929688,109.13999938964844,109.37000274658203,111.16000366210938,3680200.0,102.74384307861328
2016-02-10,114.4800033569336,111.33000183105469,111.33000183105469,112.73999786376953,3023200.0,104.20420837402344
2016-02-11,111.69000244140625,110.08999633789062,111.31999969482422,110.62000274658203,3955000.0,102.2447280883789
2016-02-12,111.91000366210938,110.20999908447266,111.19999694824219,111.81999969482422,2552100.0,103.3538589477539
2016-02-16,115.2699966430664,112.52999877929688,112.62999725341797,115.1500015258789,3445700.0,106.43174743652344
2016-02-17,118.38999938964844,115.19999694824219,115.5,118.30000305175781,4466000.0,109.34325408935547
2016-02-18,120.0,117.05999755859375,118.5,117.44999694824219,3847100.0,108.5575942993164
2016-02-19,118.55000305175781,116.0199966430664,117.5,117.68000030517578,4481400.0,108.77018737792969
2016-02-22,122.13999938964844,118.95999908447266,119.0999984741211,121.2699966430664,5054800.0,112.08837127685547
2016-02-23,121.80000305175781,120.2699966430664,120.63999938964844,121.1500015258789,2804400.0,111.97746276855469
2016-02-24,120.31999969482422,117.83000183105469,119.93000030517578,120.19999694824219,2559700.0,111.09938049316406
2016-02-25,121.2300033569336,119.81999969482422,120.19999694824219,121.19999694824219,2281700.0,112.02367401123047
2016-02-26,122.26000213623047,120.88999938964844,121.4800033569336,121.33000183105469,2877500.0,112.14384460449219
2016-02-29,121.81999969482422,118.97000122070312,121.0999984741211,119.0999984741211,4526300.0,110.0826644897461
2016-03-01,122.22000122070312,119.37000274658203,119.48999786376953,121.66999816894531,3295600.0,112.45806884765625
2016-03-02,121.83999633789062,120.37000274658203,121.2300033569336,121.2699966430664,2670900.0,112.08837127685547
2016-03-03,121.86000061035156,120.08999633789062,120.86000061035156,121.81999969482422,3064100.0,112.59673309326172
2016-03-04,122.19000244140625,120.73999786376953,121.31999969482422,121.80000305175781,2873900.0,112.57825469970703
2016-03-07,122.73999786376953,120.9000015258789,121.08000183105469,121.76000213623047,2315400.0,112.54129791259766
2016-03-08,122.31999969482422,120.7300033569336,121.27999877929688,121.66000366210938,2522000.0,112.44886016845703
2016-03-09,122.12000274658203,120.44999694824219,121.87999725341797,121.0999984741211,2094000.0,112.39315795898438
2016-03-10,122.76000213623047,120.41000366210938,121.19999694824219,122.08999633789062,2638200.0,113.31198120117188
2016-03-11,125.31999969482422,122.25,122.47000122070312,125.0999984741211,3766200.0,116.10556030273438
2016-03-14,126.0199966430664,124.36000061035156,124.80000305175781,125.22000122070312,2856400.0,116.21695709228516
2016-03-15,125.47000122070312,124.08000183105469,124.54000091552734,124.8499984741211,2610300.0,115.87355041503906
2016-03-16,125.55000305175781,124.0999984741211,124.38999938964844,124.9000015258789,2140900.0,115.91996002197266
2016-03-17,124.95999908447266,122.22000122070312,124.61000061035156,124.52999877929688,3911400.0,115.5765380859375
2016-03-18,127.08000183105469,124.52999877929688,124.86000061035156,126.72000122070312,6948400.0,117.60909271240234
2016-03-21,127.0,125.68000030517578,126.23999786376953,126.73999786376953,2667000.0,117.62763977050781
2016-03-22,128.82000732421875,126.0199966430664,126.6500015258789,128.02000427246094,3984000.0,118.8156509399414
2016-03-23,130.35000610351562,128.02000427246094,128.14999389648438,129.7899932861328,6166400.0,120.45836639404297
2016-03-24,130.32000732421875,127.16999816894531,128.97000122070312,128.58999633789062,4153900.0,119.34465789794922
2016-03-28,129.5,128.00999450683594,128.82000732421875,128.9199981689453,1955100.0,119.65092468261719
2016-03-29,130.08999633789062,128.5399932861328,129.27000427246094,129.8300018310547,2463100.0,120.49549865722656
2016-03-30,131.10000610351562,129.38999938964844,130.08999633789062,129.67999267578125,2578500.0,120.35627746582031
2016-03-31,129.97000122070312,128.2899932861328,129.63999938964844,128.89999389648438,3181800.0,119.63236999511719
2016-04-01,130.44000244140625,128.36000061035156,128.69000244140625,129.9199981689453,3901700.0,120.57902526855469
2016-04-04,130.6999969482422,128.8800048828125,130.5,129.49000549316406,2812400.0,120.17991638183594
2016-04-05,129.4600067138672,126.9000015258789,128.9499969482422,127.04000091552734,4440000.0,117.90607452392578
2016-04-06,128.4199981689453,126.87999725341797,127.2300033569336,128.02999877929688,3021400.0,118.82491302490234
2016-04-07,128.44000244140625,126.2300033569336,127.51000213623047,126.87000274658203,3186600.0,117.7483139038086
2016-04-08,128.14999389648438,125.26000213623047,127.19000244140625,125.68000030517578,3642300.0,116.64388275146484
2016-04-11,126.94000244140625,125.83000183105469,125.83000183105469,126.33000183105469,3119200.0,117.24715423583984
2016-04-12,127.36000061035156,125.4000015258789,126.30000305175781,126.80000305175781,2887200.0,117.683349609375
2016-04-13,128.66000366210938,127.2699966430664,127.6500015258789,127.76000213623047,2592400.0,118.57433319091797
2016-04-14,128.57000732421875,127.55999755859375,127.72000122070312,127.9800033569336,1674600.0,118.77852630615234
2016-04-15,128.05999755859375,126.22000122070312,127.88999938964844,127.33000183105469,2835200.0,118.17525482177734
2016-04-18,128.02999877929688,126.5999984741211,126.87999725341797,127.80999755859375,2717400.0,118.62073516845703
2016-04-19,131.3000030517578,129.1199951171875,130.08999633789062,130.5,4340100.0,121.11734771728516
2016-04-20,135.11000061035156,130.89999389648438,131.2899932861328,133.92999267578125,7321000.0,124.30072021484375
2016-04-21,134.0,132.42999267578125,133.55999755859375,132.9600067138672,3786000.0,123.40046691894531
2016-04-22,134.3300018310547,133.0500030517578,133.72000122070312,134.1300048828125,2782800.0,124.486328125
2016-04-25,134.07000732421875,132.58999633789062,133.7100067138672,133.77999877929688,2702100.0,124.16148376464844
2016-04-26,134.61000061035156,133.0,133.97000122070312,134.24000549316406,2638000.0,124.58844757080078
2016-04-27,134.5800018310547,131.89999389648438,134.33999633789062,132.8000030517578,3358800.0,123.251953125
2016-04-28,134.38999938964844,131.69000244140625,132.7899932861328,132.07000732421875,3332800.0,122.57444763183594
2016-04-29,131.8800048828125,128.92999267578125,131.05999755859375,131.67999267578125,4161100.0,122.21246337890625
2016-05-02,132.92999267578125,130.9199981689453,132.61000061035156,132.10000610351562,2887700.0,122.6023178100586
2016-05-03,133.22999572753906,131.1300048828125,131.3699951171875,132.4600067138672,3632300.0,122.9364013671875
2016-05-04,132.41000366210938,130.58999633789062,131.02000427246094,132.02999877929688,2909300.0,122.53731536865234
2016-05-05,133.27999877929688,131.85000610351562,132.0500030517578,132.30999755859375,2054700.0,122.79720306396484
2016-05-06,132.27999877929688,130.60000610351562,132.08999633789062,132.0399932861328,2618600.0,122.54657745361328
2016-05-09,133.58999633789062,131.57000732421875,131.75,132.6699981689453,2191800.0,123.1313247680664
2016-05-10,133.60000610351562,132.5800018310547,132.9199981689453,133.57000732421875,2223500.0,123.96659851074219
2016-05-11,134.0,130.5800018310547,133.74000549316406,130.69000244140625,3450800.0,121.29366302490234
2016-05-12,131.2899932861328,128.75,131.0,129.74000549316406,3210400.0,120.41197204589844
2016-05-13,130.02999877929688,128.5500030517578,129.10000610351562,129.0,3137300.0,119.72516632080078
2016-05-16,130.86000061035156,128.52999877929688,128.75,130.63999938964844,2466000.0,121.24726867675781
2016-05-17,131.22000122070312,128.99000549316406,130.57000732421875,129.55999755859375,2294500.0,120.24491119384766
2016-05-18,131.27000427246094,128.92999267578125,129.11000061035156,130.50999450683594,2246400.0,121.1266098022461
2016-05-19,131.1199951171875,128.75999450683594,129.69000244140625,130.0,2756000.0,120.65328216552734
2016-05-20,131.7899932861328,130.1999969482422,130.6300048828125,130.94000244140625,2538100.0,121.52571105957031
2016-05-23,131.1999969482422,130.00999450683594,130.1300048828125,130.4199981689453,3036500.0,121.04308319091797
2016-05-24,132.99000549316406,130.30999755859375,130.75999450683594,132.58999633789062,2702400.0,123.05706787109375
2016-05-25,134.3000030517578,132.77999877929688,133.2100067138672,133.4199981689453,2211300.0,123.827392578125
2016-05-26,133.9600067138672,132.66000366210938,133.5,132.97999572753906,1499300.0,123.41900634765625
2016-05-27,134.52999877929688,132.9600067138672,132.97999572753906,134.0,1833400.0,124.36566925048828
2016-05-31,134.75,133.47999572753906,134.60000610351562,133.6699981689453,3634100.0,124.05941009521484
2016-06-01,134.85000610351562,133.02000427246094,133.5800018310547,134.52999877929688,2618000.0,124.85759735107422
2016-06-02,136.14999389648438,134.00999450683594,134.25999450683594,136.0399932861328,4015000.0,126.25902557373047
2016-06-03,137.1199951171875,135.14999389648438,135.61000061035156,136.83999633789062,3625600.0,127.00151062011719
2016-06-06,138.38999938964844,136.50999450683594,136.9199981689453,138.14999389648438,2959900.0,128.21734619140625
2016-06-07,138.5,136.8800048828125,138.16000366210938,136.94000244140625,2943200.0,127.09429931640625
2016-06-08,140.88999938964844,137.0,137.27000427246094,140.39999389648438,6180800.0,130.30552673339844
2016-06-09,140.8699951171875,139.5399932861328,140.49000549316406,140.67999267578125,3682400.0,130.56539916992188
2016-06-10,140.38999938964844,138.63999938964844,140.25,139.24000549316406,2805800.0,129.22894287109375
2016-06-13,140.1300048828125,138.0800018310547,139.0,138.08999633789062,2804300.0,128.16163635253906
2016-06-14,138.25999450683594,137.33999633789062,137.8800048828125,137.8699951171875,2970700.0,127.95743560791016
2016-06-15,138.1699981689453,137.0500030517578,137.74000549316406,137.25999450683594,2369400.0,127.97142028808594
2016-06-16,138.88999938964844,136.3800048828125,137.2100067138672,138.66000366210938,3176100.0,129.2766876220703
2016-06-17,138.85000610351562,136.5500030517578,138.75999450683594,137.69000244140625,4430900.0,128.37232971191406
2016-06-20,139.83999633789062,138.13999938964844,139.22000122070312,138.52000427246094,3731700.0,129.14614868164062
2016-06-21,139.22999572753906,138.07000732421875,139.1999969482422,138.19000244140625,2021400.0,128.8385009765625
2016-06-22,139.5399932861328,137.6300048828125,138.4499969482422,137.89999389648438,2375200.0,128.56813049316406
2016-06-23,139.97999572753906,138.00999450683594,139.35000610351562,139.19000244140625,2646800.0,129.77081298828125
2016-06-24,138.6199951171875,135.14999389648438,135.66000366210938,137.2899932861328,4475100.0,127.9993667602539
2016-06-27,137.38999938964844,135.47999572753906,136.14999389648438,137.11000061035156,3996200.0,127.83159637451172
2016-06-28,139.08999633789062,137.64999389648438,138.2100067138672,138.7100067138672,4160200.0,129.32327270507812
2016-06-29,140.67999267578125,139.60000610351562,139.8000030517578,140.52000427246094,3704500.0,131.01084899902344
2016-06-30,141.30999755859375,140.24000549316406,140.67999267578125,141.1999969482422,4730800.0,131.64480590820312
2016-07-01,141.7899932861328,140.6199951171875,141.16000366210938,140.86000061035156,2882500.0,131.32781982421875
2016-07-05,141.91000366210938,140.02999877929688,140.14999389648438,141.55999755859375,3749300.0,131.98046875
2016-07-06,142.9600067138672,140.97000122070312,140.97999572753906,142.3800048828125,4083300.0,132.7449188232422
2016-07-07,142.66000366210938,139.9499969482422,142.3699951171875,140.8000030517578,3515500.0,131.2718963623047
2016-07-08,141.77999877929688,139.5500030517578,141.6999969482422,141.27000427246094,3605500.0,131.71005249023438
2016-07-11,141.60000610351562,140.00999450683594,141.27000427246094,140.32000732421875,4084000.0,130.8243408203125
2016-07-12,140.9499969482422,139.3699951171875,140.88999938964844,139.86000061035156,4310100.0,130.39544677734375
2016-07-13,141.58999633789062,139.9199981689453,140.9600067138672,141.47999572753906,3164700.0,131.9058074951172
2016-07-14,142.85000610351562,140.47000122070312,142.38999938964844,140.83999633789062,3000700.0,131.3091583251953
2016-07-15,142.77999877929688,141.05999755859375,141.64999389648438,141.3300018310547,3748700.0,131.7659912109375
2016-07-18,141.89999389648438,139.6199951171875,141.75999450683594,140.75,4166300.0,131.22523498535156
2016-07-19,142.6300048828125,139.32000732421875,140.75,142.58999633789062,5326200.0,132.9407196044922
2016-07-20,144.47999572753906,142.80999755859375,143.47000122070312,143.02000427246094,5489800.0,133.34165954589844
2016-07-21,143.72999572753906,142.1300048828125,142.7100067138672,142.8699951171875,3475100.0,133.20179748535156
2016-07-22,144.0500030517578,142.9199981689453,143.69000244140625,143.69000244140625,2697500.0,133.96633911132812
2016-07-25,143.88999938964844,141.41000366210938,143.5500030517578,141.72999572753906,2725600.0,132.13890075683594
2016-07-26,142.19000244140625,141.02000427246094,141.94000244140625,141.6999969482422,2668100.0,132.1109619140625
2016-07-27,142.33999633789062,139.91000366210938,141.1699981689453,141.67999267578125,2684100.0,132.09230041503906
2016-07-28,143.02999877929688,141.19000244140625,141.36000061035156,142.75999450683594,2517000.0,133.09918212890625
2016-07-29,143.89999389648438,141.60000610351562,141.85000610351562,143.1999969482422,3269700.0,133.5094451904297
2016-08-01,144.16000366210938,143.0399932861328,143.4199981689453,143.50999450683594,2494900.0,133.7984619140625
2016-08-02,143.97000122070312,142.33999633789062,143.80999755859375,143.1699981689453,2679100.0,133.4814910888672
2016-08-03,143.6199951171875,142.42999267578125,143.3300018310547,142.8800048828125,1963600.0,133.21109008789062
2016-08-04,143.47999572753906,142.25999450683594,143.10000610351562,142.7100067138672,1890900.0,133.05262756347656
2016-08-05,143.5399932861328,142.39999389648438,143.3300018310547,142.99000549316406,2000100.0,133.3136749267578
2016-08-08,143.07000732421875,141.86000061035156,142.61000061035156,142.1300048828125,1846400.0,132.5118408203125
2016-08-09,143.1300048828125,141.67999267578125,142.5500030517578,141.82000732421875,2140700.0,132.22286987304688
2016-08-10,142.33999633789062,140.92999267578125,141.8699951171875,142.19000244140625,1866300.0,132.56784057617188
2016-08-11,143.05999755859375,141.44000244140625,142.24000549316406,142.6300048828125,1857500.0,132.97804260253906
2016-08-12,143.13999938964844,141.5,142.16000366210938,142.8800048828125,1787900.0,133.21109008789062
2016-08-15,143.11000061035156,141.49000549316406,142.9600067138672,141.6199951171875,2369600.0,132.03634643554688
2016-08-16,141.6199951171875,140.3300018310547,141.14999389648438,141.0800018310547,1688500.0,131.53289794921875
2016-08-17,141.91000366210938,140.66000366210938,141.2899932861328,141.7100067138672,1849100.0,132.12030029296875
2016-08-18,142.83999633789062,141.27000427246094,141.6699981689453,142.1699981689453,1572700.0,132.54913330078125
2016-08-19,142.25,141.22000122070312,141.64999389648438,142.0399932861328,1950200.0,132.4279327392578
2016-08-22,143.0,141.7100067138672,142.11000061035156,142.08999633789062,1587900.0,132.4745635986328
2016-08-23,142.8699951171875,141.75,142.72999572753906,142.00999450683594,2295500.0,132.39999389648438
2016-08-24,142.0800018310547,139.50999450683594,142.0,139.8699951171875,2529800.0,130.40478515625
2016-08-25,139.75,137.02999877929688,139.75,137.3000030517578,3891000.0,128.00869750976562
2016-08-26,138.3000030517578,135.99000549316406,137.6699981689453,136.6199951171875,3082400.0,127.37472534179688
2016-08-29,138.0399932861328,136.47999572753906,137.1999969482422,137.27000427246094,2315900.0,127.98079681396484
2016-08-30,137.69000244140625,136.24000549316406,137.27000427246094,136.8699951171875,2026600.0,127.60781860351562
2016-08-31,136.82000732421875,135.5500030517578,136.5500030517578,136.0500030517578,2837300.0,126.84333038330078
2016-09-01,136.97999572753906,135.35000610351562,136.82000732421875,135.74000549316406,2765400.0,126.5542984008789
2016-09-02,136.77999877929688,135.75999450683594,136.5,136.61000061035156,2390500.0,127.36540985107422
2016-09-06,136.85000610351562,135.6300048828125,136.6199951171875,135.97000122070312,2242400.0,126.76870727539062
2016-09-07,135.9600067138672,134.1999969482422,135.0,134.99000549316406,2816300.0,126.43620300292969
2016-09-08,135.6199951171875,134.41000366210938,134.47000122070312,135.44000244140625,2826700.0,126.85768127441406
2016-09-09,135.14999389648438,133.6199951171875,134.7100067138672,133.6199951171875,3322300.0,125.15299224853516
2016-09-12,135.72000122070312,132.38999938964844,132.7100067138672,135.52999877929688,3457400.0,126.94196319580078
2016-09-13,135.14999389648438,133.3699951171875,134.24000549316406,133.9499969482422,3331500.0,125.46210479736328
2016-09-14,134.69000244140625,132.97999572753906,133.8699951171875,133.69000244140625,4592400.0,125.21858978271484
2016-09-15,136.08999633789062,132.8800048828125,133.02999877929688,135.61000061035156,3302900.0,127.01689910888672
2016-09-16,138.5500030517578,135.52999877929688,135.61000061035156,138.47000122070312,7421900.0,129.69570922851562
2016-09-19,139.38999938964844,137.52000427246094,138.67999267578125,137.67999267578125,3239500.0,128.95574951171875
2016-09-20,138.52999877929688,137.05999755859375,138.1300048828125,137.47000122070312,2425700.0,128.75904846191406
2016-09-21,139.9600067138672,137.99000549316406,138.1999969482422,139.91000366210938,3506600.0,131.04446411132812
2016-09-22,141.41000366210938,140.3300018310547,140.49000549316406,141.0399932861328,3018300.0,132.10284423828125
2016-09-23,141.77999877929688,140.36000061035156,141.02000427246094,140.50999450683594,2802000.0,131.60641479492188
2016-09-26,140.1699981689453,138.89999389648438,139.9499969482422,139.72000122070312,2636500.0,130.86651611328125
2016-09-27,140.83999633789062,138.69000244140625,139.99000549316406,140.7899932861328,3048600.0,131.8686981201172
2016-09-28,141.7100067138672,139.66000366210938,141.1300048828125,140.41000366210938,1990400.0,131.51278686523438
2016-09-29,140.27999877929688,137.83999633789062,140.17999267578125,138.32000732421875,2201000.0,129.55520629882812
2016-09-30,140.47999572753906,138.4199981689453,139.17999267578125,140.0,4164100.0,131.12876892089844
2016-10-03,139.72000122070312,138.02999877929688,139.35000610351562,138.49000549316406,2724400.0,129.71446228027344
2016-10-04,139.36000061035156,137.16000366210938,138.69000244140625,138.16000366210938,2452600.0,129.40533447265625
2016-10-05,138.92999267578125,136.60000610351562,138.2100067138672,137.60000610351562,4625600.0,128.8808135986328
2016-10-06,137.49000549316406,135.66000366210938,137.30999755859375,136.47000122070312,4025300.0,127.82246398925781
2016-10-07,137.5500030517578,135.97999572753906,137.2100067138672,136.66000366210938,2568700.0,128.00039672851562
2016-10-10,138.35000610351562,136.97000122070312,136.97000122070312,138.0800018310547,2586000.0,129.3303985595703
2016-10-11,137.69000244140625,134.3699951171875,137.32000732421875,134.75,3353600.0,126.21141052246094
2016-10-12,135.72000122070312,133.63999938964844,134.97999572753906,135.10000610351562,4287900.0,126.53925323486328
2016-10-13,134.64999389648438,133.61000061035156,134.64999389648438,134.19000244140625,3425700.0,125.68690490722656
2016-10-14,135.50999450683594,133.88999938964844,134.77999877929688,133.9199981689453,3452900.0,125.43402862548828
2016-10-17,134.42999267578125,133.02999877929688,134.05999755859375,134.1300048828125,3602500.0,125.6307144165039
2016-10-18,143.9499969482422,137.8699951171875,139.1999969482422,143.38999938964844,10141900.0,134.30393981933594
2016-10-19,146.36000061035156,142.82000732421875,143.82000732421875,144.3699951171875,5796000.0,135.2218475341797
2016-10-20,145.8800048828125,143.97999572753906,144.49000549316406,145.07000732421875,5203700.0,135.8774871826172
2016-10-21,145.44000244140625,143.75999450683594,144.25999450683594,145.3699951171875,3331800.0,136.158447265625
2016-10-24,146.22000122070312,144.02000427246094,146.0,144.69000244140625,2930200.0,135.5215606689453
2016-10-25,145.3800048828125,143.60000610351562,144.8800048828125,143.77999877929688,3095400.0,134.66921997070312
2016-10-26,143.77999877929688,141.88999938964844,143.75,142.22999572753906,3267600.0,133.2174530029297
2016-10-27,143.25,141.5800018310547,142.72000122070312,141.94000244140625,3358000.0,132.94583129882812
2016-10-28,142.35000610351562,139.44000244140625,141.66000366210938,140.35000610351562,4033600.0,131.4565887451172
2016-10-31,141.5399932861328,139.97000122070312,140.8000030517578,141.3300018310547,3761100.0,132.3744659423828
2016-11-01,141.50999450683594,138.82000732421875,141.50999450683594,139.42999267578125,3391400.0,130.5948486328125
2016-11-02,141.22999572753906,138.92999267578125,139.02000427246094,138.97999572753906,3149700.0,130.17337036132812
2016-11-03,140.33999633789062,137.64999389648438,139.17999267578125,137.8300018310547,2989700.0,129.09625244140625
2016-11-04,138.88999938964844,137.69000244140625,138.4499969482422,137.7100067138672,3520700.0,128.98388671875
2016-11-07,142.44000244140625,139.5500030517578,139.60000610351562,141.92999267578125,3896600.0,132.93641662597656
2016-11-08,143.61000061035156,141.0,141.35000610351562,142.89999389648438,4389300.0,133.84498596191406
2016-11-09,144.19000244140625,136.22000122070312,139.5399932861328,141.89999389648438,8042400.0,132.9083709716797
2016-11-10,146.57000732421875,142.0,142.33999633789062,146.1300048828125,6075500.0,136.87030029296875
2016-11-11,147.5,146.00999450683594,146.7100067138672,146.4199981689453,4475400.0,137.1419219970703
2016-11-14,152.9199981689453,147.0399932861328,147.32000732421875,152.27999877929688,5740400.0,142.630615234375
2016-11-15,153.9600067138672,151.50999450683594,153.50999450683594,152.22999572753906,4910700.0,142.5837860107422
2016-11-16,153.0,151.22999572753906,151.99000549316406,151.5,3899000.0,141.90003967285156
2016-11-17,151.9199981689453,150.19000244140625,151.82000732421875,150.77000427246094,4683000.0,141.21632385253906
2016-11-18,151.66000366210938,149.39999389648438,151.0500030517578,149.4499969482422,5664800.0,139.97994995117188
2016-11-21,150.66000366210938,148.55999755859375,149.72000122070312,150.41000366210938,3867800.0,140.8791046142578
2016-11-22,152.92999267578125,150.55999755859375,151.0800018310547,152.25999450683594,4992100.0,142.61190795898438
2016-11-23,153.74000549316406,150.9600067138672,152.00999450683594,153.5399932861328,2697200.0,143.81076049804688
2016-11-25,154.5,152.61000061035156,153.92999267578125,152.80999755859375,1664500.0,143.12704467773438
2016-11-28,152.85000610351562,150.0,152.74000549316406,152.11000061035156,5029600.0,142.4713592529297
2016-11-29,158.1199951171875,155.17999267578125,156.94000244140625,157.58999633789062,5827400.0,147.60414123535156
2016-11-30,159.75999450683594,157.07000732421875,157.47000122070312,158.32000732421875,7142400.0,148.8783416748047
2016-12-01,161.72000122070312,159.1199951171875,159.1199951171875,160.94000244140625,5250200.0,151.342041015625
2016-12-02,162.52000427246094,160.55999755859375,161.0,160.72999572753906,3480000.0,151.1446075439453
2016-12-05,160.6699981689453,156.22999572753906,160.19000244140625,157.6300048828125,5854200.0,148.22947692871094
2016-12-06,158.22999572753906,156.25999450683594,158.1699981689453,157.32000732421875,3216700.0,147.93797302246094
2016-12-07,159.97999572753906,156.35000610351562,157.88999938964844,159.39999389648438,4552300.0,149.89390563964844
2016-12-08,160.24000549316406,158.0,159.41000366210938,159.32000732421875,3407500.0,149.81869506835938
2016-12-09,160.16000366210938,157.7100067138672,159.52000427246094,160.1199951171875,4007200.0,150.57098388671875
2016-12-12,159.66000366210938,157.75,158.8300018310547,159.49000549316406,3471200.0,149.9785614013672
2016-12-13,161.7100067138672,160.07000732421875,160.39999389648438,160.5399932861328,3868900.0,150.96595764160156
2016-12-14,161.8000030517578,158.72000122070312,161.13999938964844,159.86000061035156,3885700.0,150.3264617919922
2016-12-15,161.2899932861328,159.42999267578125,159.8699951171875,160.6199951171875,4422700.0,151.04116821289062
2016-12-16,164.0,161.19000244140625,161.3800048828125,163.94000244140625,7605300.0,154.16317749023438
2016-12-19,163.94000244140625,161.22000122070312,163.08999633789062,161.5399932861328,4732600.0,151.90628051757812
2016-12-20,163.11000061035156,161.41000366210938,161.7100067138672,161.58999633789062,3131200.0,151.95330810546875
2016-12-21,162.2899932861328,159.6199951171875,161.4199981689453,161.3300018310547,2767700.0,151.70883178710938
2016-12-22,161.8800048828125,160.27000427246094,161.38999938964844,161.5800018310547,2741700.0,151.9439239501953
2016-12-23,163.0399932861328,160.5500030517578,161.55999755859375,163.02999877929688,2044400.0,153.3074493408203
2016-12-27,163.9600067138672,162.4499969482422,163.25999450683594,162.63999938964844,1344000.0,152.94068908691406
2016-12-28,163.25,161.32000732421875,162.16000366210938,161.44000244140625,1669100.0,151.81227111816406
2016-12-29,162.36000061035156,160.38999938964844,161.9199981689453,161.0399932861328,2476300.0,151.43612670898438
2016-12-30,161.47999572753906,159.85000610351562,161.3699951171875,160.0399932861328,2855600.0,150.4957733154297
2017-01-03,162.27000427246094,159.14999389648438,161.1300048828125,161.4499969482422,3539700.0,151.82167053222656
2017-01-04,162.5800018310547,159.74000549316406,162.35000610351562,161.91000366210938,2695200.0,152.25424194335938
2017-01-05,162.6300048828125,161.50999450683594,161.75,162.17999267578125,2961100.0,152.5081024169922
2017-01-06,162.94000244140625,161.11000061035156,161.75,162.41000366210938,3081300.0,152.7244415283203
2017-01-09,162.42999267578125,160.77999877929688,162.0,161.9499969482422,3040800.0,152.29185485839844
2017-01-10,162.97999572753906,160.5,161.27000427246094,161.5800018310547,3500700.0,151.9439239501953
2017-01-11,162.94000244140625,160.61000061035156,161.3000030517578,161.88999938964844,3330600.0,152.2354278564453
2017-01-12,162.94000244140625,160.88999938964844,161.69000244140625,162.36000061035156,2555900.0,152.6774139404297
2017-01-13,162.74000549316406,161.41000366210938,162.16000366210938,161.8000030517578,3183300.0,152.1508026123047
2017-01-17,162.97000122070312,157.50999450683594,162.61000061035156,160.66000366210938,5475800.0,151.07876586914062
2017-01-18,161.1999969482422,156.08999633789062,161.05999755859375,157.74000549316406,6591600.0,148.33291625976562
2017-01-19,160.5500030517578,157.24000549316406,157.74000549316406,158.6999969482422,4976900.0,149.2357177734375
2017-01-20,159.8000030517578,157.80999755859375,159.02000427246094,158.66000366210938,3579100.0,149.1980438232422
2017-01-23,159.52000427246094,156.55999755859375,158.6199951171875,159.07000732421875,4062600.0,149.58360290527344
2017-01-24,161.30999755859375,159.10000610351562,159.36000061035156,160.42999267578125,3514100.0,150.86248779296875
2017-01-25,161.97999572753906,160.35000610351562,160.82000732421875,161.24000549316406,3605800.0,151.62420654296875
2017-01-26,163.5800018310547,161.25,161.86000061035156,162.75,4202400.0,153.0441436767578
2017-01-27,163.8000030517578,162.6199951171875,163.5,162.99000549316406,3110400.0,153.2698516845703
2017-01-30,163.4600067138672,161.30999755859375,162.94000244140625,162.08999633789062,2784600.0,152.42349243164062
2017-01-31,162.19000244140625,160.00999450683594,161.6199951171875,162.10000610351562,3037000.0,152.4329071044922
2017-02-01,163.89999389648438,162.02999877929688,162.75,162.7100067138672,3718500.0,153.0065155029297
2017-02-02,163.25,160.25999450683594,162.52000427246094,160.75999450683594,4714000.0,151.17282104492188
2017-02-03,162.0,160.2100067138672,161.1300048828125,161.8699951171875,2762300.0,152.21664428710938
2017-02-06,162.52999877929688,160.22000122070312,161.50999450683594,160.50999450683594,3479400.0,150.9376983642578
2017-02-07,161.67999267578125,159.5399932861328,161.0500030517578,160.52999877929688,2942700.0,150.95652770996094
2017-02-08,160.6300048828125,159.41000366210938,160.0,160.30999755859375,2339700.0,150.7496337890625
2017-02-09,161.3000030517578,159.55999755859375,160.30999755859375,160.44000244140625,3056800.0,150.87188720703125
2017-02-10,161.58999633789062,160.10000610351562,160.1199951171875,160.75,1905900.0,151.16343688964844
2017-02-13,162.02000427246094,160.69000244140625,160.69000244140625,161.99000549316406,3275800.0,152.3294677734375
2017-02-14,163.5,161.25,161.4499969482422,163.1300048828125,2969400.0,153.40147399902344
2017-02-15,164.88999938964844,162.5800018310547,162.5800018310547,164.2899932861328,4537900.0,154.49229431152344
2017-02-16,164.97000122070312,162.3300018310547,164.77999877929688,163.64999389648438,3191600.0,153.89048767089844
2017-02-17,160.16000366210938,156.49000549316406,159.0,157.6199951171875,12033600.0,148.2200469970703
2017-02-21,160.82000732421875,157.52000427246094,157.6199951171875,160.57000732421875,5419000.0,150.994140625
2017-02-22,161.77999877929688,159.63999938964844,160.91000366210938,160.57000732421875,2725300.0,150.994140625
2017-02-23,162.60000610351562,160.69000244140625,161.3300018310547,162.60000610351562,2459600.0,152.9031219482422
2017-02-24,163.08999633789062,161.74000549316406,162.6699981689453,163.05999755859375,2715700.0,153.33567810058594
2017-02-27,165.4600067138672,162.80999755859375,163.16000366210938,165.3800048828125,4071800.0,155.517333984375
2017-02-28,166.75999450683594,164.89999389648438,165.47000122070312,165.3800048828125,4382100.0,155.517333984375
2017-03-01,168.60000610351562,166.35000610351562,166.72000122070312,167.94000244140625,3514200.0,157.92462158203125
2017-03-02,168.42999267578125,166.9600067138672,168.32000732421875,167.30999755859375,1889800.0,157.33218383789062
2017-03-03,168.4499969482422,166.6199951171875,167.30999755859375,168.1999969482422,2254400.0,158.16909790039062
2017-03-06,169.35000610351562,167.1300048828125,167.42999267578125,168.6999969482422,2576500.0,158.6392822265625
2017-03-07,169.36000061035156,167.92999267578125,168.4499969482422,168.3000030517578,2702300.0,158.26318359375
2017-03-08,168.4600067138672,166.8000030517578,167.50999450683594,167.91000366210938,2048200.0,158.48495483398438
2017-03-09,169.07000732421875,167.74000549316406,168.14999389648438,168.00999450683594,3631400.0,158.57936096191406
2017-03-10,170.0,168.05999755859375,168.4199981689453,169.97999572753906,3716600.0,160.4387664794922
2017-03-13,170.92999267578125,169.5500030517578,169.99000549316406,170.2100067138672,3130200.0,160.65585327148438
2017-03-14,170.17999267578125,168.5,169.66000366210938,169.05999755859375,2522600.0,159.57040405273438
2017-03-15,171.97000122070312,169.2899932861328,169.36000061035156,171.77999877929688,2807600.0,162.13772583007812
2017-03-16,172.13999938964844,170.22000122070312,172.07000732421875,171.3000030517578,3138600.0,161.6846923828125
2017-03-17,171.5399932861328,169.58999633789062,171.08999633789062,169.6999969482422,5622900.0,160.17449951171875
2017-03-20,170.24000549316406,167.9199981689453,169.92999267578125,168.0,3928600.0,158.56991577148438
2017-03-21,168.82000732421875,167.05999755859375,168.6699981689453,167.6999969482422,4953100.0,158.28677368164062
2017-03-22,168.3800048828125,165.6300048828125,168.1300048828125,167.02999877929688,2999800.0,157.6543731689453
2017-03-23,166.92999267578125,164.77000427246094,166.22999572753906,165.2899932861328,3947400.0,156.0120086669922
2017-03-24,167.39999389648438,164.35000610351562,166.1300048828125,165.0,5243900.0,155.73831176757812
2017-03-27,165.11000061035156,163.30999755859375,163.99000549316406,164.60000610351562,4383000.0,155.36074829101562
2017-03-28,166.07000732421875,163.83999633789062,164.5800018310547,165.35000610351562,7327100.0,156.06866455078125
2017-03-29,164.97000122070312,162.74000549316406,164.66000366210938,163.44000244140625,5900400.0,154.26589965820312
2017-03-30,165.92999267578125,163.4600067138672,163.64999389648438,164.99000549316406,2993800.0,155.72886657714844
2017-03-31,165.10000610351562,163.75,164.63999938964844,164.00999450683594,3496100.0,154.8038787841797
2017-04-03,166.13999938964844,164.25,164.6199951171875,165.58999633789062,3473700.0,156.29519653320312
2017-04-04,166.4499969482422,164.7899932861328,165.8699951171875,164.97000122070312,2886000.0,155.7100067138672
2017-04-05,167.25999450683594,165.22000122070312,165.75999450683594,165.3699951171875,3541600.0,156.08755493164062
2017-04-06,166.02000427246094,164.83999633789062,165.4499969482422,165.33999633789062,2923600.0,156.05918884277344
2017-04-07,166.5,164.6199951171875,164.9600067138672,166.02000427246094,2927800.0,156.7010498046875
2017-04-10,167.0,165.27999877929688,166.19000244140625,165.47999572753906,3234900.0,156.1913604736328
2017-04-11,165.83999633789062,164.60000610351562,164.88999938964844,165.8300018310547,3172900.0,156.521728515625
2017-04-12,166.4199981689453,164.60000610351562,166.32000732421875,165.55999755859375,2978700.0,156.26686096191406
2017-04-13,165.64999389648438,164.6699981689453,164.9499969482422,164.9600067138672,1979800.0,155.70053100585938
2017-04-17,167.4199981689453,164.9600067138672,164.99000549316406,167.17999267578125,4396700.0,157.79592895507812
2017-04-18,170.22999572753906,167.6999969482422,170.05999755859375,168.58999633789062,5526200.0,159.12680053710938
2017-04-19,171.19000244140625,168.69000244140625,169.58999633789062,169.25,4703400.0,159.74974060058594
2017-04-20,172.19000244140625,168.3699951171875,169.52000427246094,171.5399932861328,3652100.0,161.9112091064453
2017-04-21,172.6199951171875,170.47000122070312,172.1300048828125,171.16000366210938,2982300.0,161.55255126953125
2017-04-24,173.16000366210938,171.6999969482422,172.66000366210938,172.3300018310547,2830300.0,162.65687561035156
2017-04-25,174.74000549316406,173.19000244140625,173.5,174.0399932861328,3394700.0,164.27088928222656
2017-04-26,175.64999389648438,173.97999572753906,174.08999633789062,174.3800048828125,2817500.0,164.59181213378906
2017-04-27,176.07000732421875,174.02000427246094,174.07000732421875,174.6300048828125,2438600.0,164.8277587890625
2017-04-28,175.0,173.91000366210938,174.61000061035156,174.8800048828125,2010800.0,165.063720703125
2017-05-01,176.13999938964844,174.08999633789062,175.0,174.58999633789062,2709700.0,164.79000854492188
2017-05-02,175.3699951171875,170.27000427246094,174.91000366210938,174.13999938964844,4951000.0,164.36526489257812
2017-05-03,174.3000030517578,171.86000061035156,173.75,172.5399932861328,3622200.0,162.8550567626953
2017-05-04,174.2100067138672,172.3800048828125,173.0500030517578,174.02000427246094,2585200.0,164.2520294189453
2017-05-05,174.8800048828125,173.30999755859375,174.5399932861328,174.1199951171875,2189000.0,164.34637451171875
2017-05-08,174.55999755859375,173.57000732421875,173.92999267578125,174.44000244140625,2505900.0,164.64845275878906
2017-05-09,174.77000427246094,172.72999572753906,174.10000610351562,173.24000549316406,1653700.0,163.51580810546875
2017-05-10,173.63999938964844,172.4600067138672,173.0399932861328,173.38999938964844,1568700.0,163.6573944091797
2017-05-11,173.86000061035156,171.6699981689453,172.75999450683594,173.32000732421875,1901300.0,163.59129333496094
2017-05-12,173.38999938964844,171.52000427246094,172.63999938964844,171.80999755859375,2335400.0,162.16607666015625
2017-05-15,172.0,170.22999572753906,171.7899932861328,171.52999877929688,2831400.0,161.9017333984375
2017-05-16,171.0,167.25,170.6699981689453,168.1199951171875,4343700.0,158.68313598632812
2017-05-17,170.38999938964844,166.64999389648438,168.1199951171875,168.86000061035156,4442300.0,159.38165283203125
2017-05-18,173.97999572753906,167.8699951171875,168.25,171.4499969482422,3908000.0,161.82623291015625
2017-05-19,172.9499969482422,170.25,172.3000030517578,172.58999633789062,3877300.0,162.90228271484375
2017-05-22,174.89999389648438,172.60000610351562,172.72999572753906,174.6999969482422,3480300.0,164.89381408691406
2017-05-23,175.52000427246094,173.7100067138672,174.44000244140625,175.22000122070312,2471500.0,165.38465881347656
2017-05-24,176.10000610351562,174.52000427246094,175.4499969482422,175.58999633789062,1612300.0,165.73388671875
2017-05-25,178.72999572753906,175.94000244140625,176.32000732421875,178.0500030517578,3212200.0,168.05580139160156
2017-05-26,178.88999938964844,177.0,177.67999267578125,177.5,1583600.0,167.53663635253906
2017-05-30,178.0800018310547,176.24000549316406,177.5399932861328,176.58999633789062,2285700.0,166.67774963378906
2017-05-31,176.89999389648438,174.9199981689453,176.88999938964844,175.17999267578125,3320400.0,165.3468780517578
2017-06-01,179.5800018310547,175.19000244140625,175.77999877929688,179.5800018310547,2890600.0,169.4999237060547
2017-06-02,179.9199981689453,178.33999633789062,179.9199981689453,179.38999938964844,2610100.0,169.32057189941406
2017-06-05,180.32000732421875,179.16000366210938,179.52999877929688,179.3699951171875,2640600.0,169.30166625976562
2017-06-06,181.05999755859375,178.47999572753906,179.19000244140625,180.82000732421875,3443900.0,170.67031860351562
2017-06-07,183.47000122070312,179.64999389648438,182.0,183.2100067138672,3783600.0,172.92613220214844
2017-06-08,183.75999450683594,180.97999572753906,183.2100067138672,181.69000244140625,3079900.0,171.4915008544922
2017-06-09,182.39999389648438,180.86000061035156,181.83999633789062,181.4600067138672,2392200.0,171.2744140625
2017-06-12,181.82000732421875,176.4199981689453,181.4600067138672,179.25,3705600.0,169.1884307861328
2017-06-13,181.38999938964844,179.14999389648438,179.2100067138672,181.0500030517578,2458500.0,170.8874053955078
2017-06-14,182.83999633789062,180.94000244140625,180.94000244140625,182.36000061035156,2039300.0,172.12387084960938
2017-06-15,183.5,180.08999633789062,181.75,180.3800048828125,3078700.0,170.9581298828125
2017-06-16,182.4600067138672,180.3800048828125,180.8300018310547,181.6300048828125,4473300.0,172.142822265625
2017-06-19,183.02000427246094,180.75999450683594,182.3000030517578,183.02000427246094,3887100.0,173.46023559570312
2017-06-20,183.4199981689453,182.22000122070312,182.75,183.27000427246094,2742600.0,173.69715881347656
2017-06-21,185.11000061035156,182.7100067138672,183.49000549316406,184.9199981689453,2866300.0,175.26097106933594
2017-06-22,188.66000366210938,184.77999877929688,184.89999389648438,186.5,3841300.0,176.75845336914062
2017-06-23,186.27000427246094,184.13999938964844,186.27000427246094,185.25,3438500.0,175.57373046875
2017-06-26,185.88999938964844,183.38999938964844,185.1300048828125,185.1199951171875,2327400.0,175.45053100585938
2017-06-27,186.8000030517578,184.22000122070312,185.72000122070312,184.60000610351562,2682800.0,174.9576873779297
2017-06-28,186.30999755859375,185.08999633789062,185.67999267578125,185.6999969482422,2451200.0,176.00021362304688
2017-06-29,186.08999633789062,184.3300018310547,185.82000732421875,185.27000427246094,2193600.0,175.59268188476562
2017-06-30,186.19000244140625,184.92999267578125,185.14999389648438,185.4199981689453,2392000.0,175.73484802246094
2017-07-03,187.52999877929688,185.74000549316406,186.2899932861328,186.64999389648438,2087000.0,176.90060424804688
2017-07-05,188.36000061035156,185.72000122070312,186.13999938964844,188.25,2587400.0,178.41702270507812
2017-07-06,188.19000244140625,186.14999389648438,188.1199951171875,186.94000244140625,1844700.0,177.1754608154297
2017-07-07,188.42999267578125,187.00999450683594,187.35000610351562,187.9600067138672,2252500.0,178.14218139648438
2017-07-10,188.0,186.14999389648438,187.3300018310547,186.9499969482422,2612000.0,177.1849365234375
2017-07-11,187.66000366210938,185.08999633789062,187.0,185.9499969482422,2664500.0,176.23715209960938
2017-07-12,187.3000030517578,186.41000366210938,186.7899932861328,186.69000244140625,3342800.0,176.9385223388672
2017-07-13,187.27999877929688,185.32000732421875,187.0,185.47999572753906,2379300.0,175.79168701171875
2017-07-14,187.1300048828125,184.77000427246094,185.80999755859375,186.89999389648438,2716700.0,177.13751220703125
2017-07-17,187.25,185.75999450683594,187.07000732421875,186.35000610351562,2444600.0,176.6162872314453
2017-07-18,187.1999969482422,183.86000061035156,186.9499969482422,186.85000610351562,4235800.0,177.09017944335938
2017-07-19,189.41000366210938,187.50999450683594,187.50999450683594,189.19000244140625,3401600.0,179.3079376220703
2017-07-20,191.9199981689453,188.9199981689453,189.41000366210938,191.5,3099600.0,181.49728393554688
2017-07-21,193.0,190.60000610351562,191.3800048828125,191.77999877929688,4911500.0,181.7626495361328
2017-07-24,192.1699981689453,190.63999938964844,191.7899932861328,190.88999938964844,2356500.0,180.9191436767578
2017-07-25,192.47999572753906,190.3000030517578,192.1300048828125,190.39999389648438,1960100.0,180.4547119140625
2017-07-26,191.52999877929688,189.3800048828125,190.02000427246094,190.75,2683500.0,180.78646850585938
2017-07-27,190.49000549316406,188.4600067138672,190.24000549316406,188.92999267578125,2631400.0,179.06150817871094
2017-07-28,191.24000549316406,187.60000610351562,189.11000061035156,191.14999389648438,1925000.0,181.16551208496094
2017-07-31,192.61000061035156,191.13999938964844,191.58999633789062,191.80999755859375,3767100.0,181.79107666015625
2017-08-01,193.39999389648438,191.6199951171875,193.39999389648438,192.22999572753906,3336800.0,182.1891326904297
2017-08-02,193.4499969482422,192.13999938964844,192.13999938964844,193.0,2463800.0,182.91888427734375
2017-08-03,194.9600067138672,193.00999450683594,193.25999450683594,194.77000427246094,2886100.0,184.59646606445312
2017-08-04,196.0399932861328,194.60000610351562,194.9499969482422,194.8800048828125,2892300.0,184.70074462890625
2017-08-07,195.41000366210938,193.89999389648438,194.80999755859375,194.77999877929688,2074800.0,184.60592651367188
2017-08-08,194.99000549316406,194.0800018310547,194.67999267578125,194.89999389648438,1741000.0,184.7196807861328
2017-08-09,195.36000061035156,194.1699981689453,194.89999389648438,194.8300018310547,2125900.0,184.65333557128906
2017-08-10,194.38999938964844,192.39999389648438,194.25999450683594,192.57000732421875,2698600.0,182.5113983154297
2017-08-11,194.5399932861328,192.66000366210938,193.91000366210938,193.02000427246094,2210700.0,182.93789672851562
2017-08-14,194.75,192.89999389648438,194.60000610351562,193.7100067138672,2322000.0,183.59182739257812
2017-08-15,195.00999450683594,193.80999755859375,194.47000122070312,194.5,1595200.0,184.340576171875
2017-08-16,195.27000427246094,192.8300018310547,194.80999755859375,193.77000427246094,1881600.0,183.64871215820312
2017-08-17,194.24000549316406,192.66000366210938,193.75,192.6999969482422,2440900.0,182.6345977783203
2017-08-18,193.1999969482422,190.6300048828125,192.83999633789062,190.82000732421875,2858500.0,180.852783203125
2017-08-21,192.30999755859375,190.8800048828125,190.8800048828125,192.02999877929688,1930500.0,181.99960327148438
2017-08-22,194.9600067138672,191.55999755859375,192.14999389648438,194.7899932861328,2021900.0,184.6154327392578
2017-08-23,194.58999633789062,193.72000122070312,194.5,194.24000549316406,1547000.0,184.09413146972656
2017-08-24,195.07000732421875,194.2100067138672,194.5500030517578,194.75,1923700.0,184.57749938964844
2017-08-25,195.5399932861328,194.13999938964844,195.3300018310547,194.36000061035156,1375000.0,184.20790100097656
2017-08-28,195.80999755859375,194.36000061035156,194.58999633789062,195.08999633789062,2009900.0,184.89971923828125
2017-08-29,197.0399932861328,194.3300018310547,194.8300018310547,196.72999572753906,2072200.0,186.45408630371094
2017-08-30,196.8800048828125,195.1999969482422,196.3800048828125,195.8800048828125,1506700.0,185.64849853515625
2017-08-31,199.49000549316406,196.38999938964844,196.92999267578125,198.89999389648438,2990200.0,188.51077270507812
2017-09-01,199.99000549316406,198.36000061035156,199.7899932861328,199.75,2241800.0,189.3163299560547
2017-09-05,200.44000244140625,198.7100067138672,199.1999969482422,199.30999755859375,2700800.0,188.89930725097656
2017-09-06,199.99000549316406,197.6300048828125,199.5399932861328,198.3800048828125,3040200.0,188.01791381835938
2017-09-07,199.47999572753906,197.07000732421875,197.77000427246094,198.1699981689453,2684600.0,188.53163146972656
2017-09-08,198.86000061035156,197.0,198.42999267578125,197.75,2206000.0,188.13204956054688
2017-09-11,200.4199981689453,198.77999877929688,199.25,199.5800018310547,3307900.0,189.873046875
2017-09-12,199.47000122070312,196.91000366210938,199.44000244140625,197.47000122070312,2554700.0,187.86569213867188
2017-09-13,200.75999450683594,197.77999877929688,197.8000030517578,198.3300018310547,2394400.0,188.68385314941406
2017-09-14,198.3800048828125,197.08999633789062,197.9499969482422,197.72999572753906,2378600.0,188.113037109375
2017-09-15,199.7100067138672,197.1999969482422,198.52000427246094,198.17999267578125,4198700.0,188.54115295410156
2017-09-18,198.82000732421875,197.50999450683594,198.1699981689453,198.19000244140625,1915200.0,188.55064392089844
2017-09-19,198.60000610351562,192.38999938964844,198.44000244140625,194.64999389648438,3819000.0,185.18283081054688
2017-09-20,195.83999633789062,194.05999755859375,195.02000427246094,195.75,2788500.0,186.22933959960938
2017-09-21,196.1300048828125,194.89999389648438,195.6300048828125,195.2100067138672,1895000.0,185.71560668945312
2017-09-22,195.8699951171875,188.25,195.11000061035156,193.02999877929688,5660200.0,183.64166259765625
2017-09-25,196.30999755859375,190.9199981689453,193.27000427246094,191.75,3105900.0,182.42388916015625
2017-09-26,194.36000061035156,192.0399932861328,192.30999755859375,192.6999969482422,2775400.0,183.3276824951172
2017-09-27,195.6199951171875,191.74000549316406,193.1999969482422,194.49000549316406,3267200.0,185.03062438964844
2017-09-28,196.5500030517578,193.50999450683594,194.25,196.10000610351562,2088400.0,186.56231689453125
2017-09-29,196.08999633789062,194.47999572753906,195.82000732421875,195.85000610351562,2646300.0,186.32447814941406
2017-10-02,197.91000366210938,196.3300018310547,196.58999633789062,197.44000244140625,2893600.0,187.8371124267578
2017-10-03,199.44000244140625,197.25999450683594,197.5,198.6300048828125,2533800.0,188.96926879882812
2017-10-04,200.72999572753906,198.42999267578125,199.02999877929688,200.47999572753906,2286400.0,190.7292938232422
2017-10-05,199.92999267578125,196.55999755859375,199.92999267578125,197.89999389648438,4069000.0,188.2747802734375
2017-10-06,199.99000549316406,197.50999450683594,197.89999389648438,198.05999755859375,3361900.0,188.42698669433594
2017-10-09,198.32000732421875,195.77999877929688,198.00999450683594,196.3000030517578,3365400.0,186.7526092529297
2017-10-10,196.42999267578125,193.6699981689453,196.25999450683594,194.67999267578125,2499100.0,185.2113494873047
2017-10-11,196.07000732421875,193.58999633789062,194.6300048828125,195.25999450683594,2935600.0,185.76315307617188
2017-10-12,195.36000061035156,192.72999572753906,195.00999450683594,192.9199981689453,2954700.0,183.53695678710938
2017-10-13,192.7100067138672,186.0,189.58999633789062,192.52000427246094,5435000.0,183.1564178466797
2017-10-16,193.32000732421875,191.36000061035156,192.47999572753906,193.1999969482422,2927400.0,183.8033447265625
2017-10-17,206.6199951171875,196.3699951171875,196.8000030517578,203.88999938964844,8949700.0,193.97344970703125
2017-10-18,207.8000030517578,203.67999267578125,203.8000030517578,205.22999572753906,4796300.0,195.2482452392578
2017-10-19,205.75,202.6999969482422,205.47000122070312,203.25,3471800.0,193.36453247070312
2017-10-20,208.2100067138672,203.69000244140625,204.25999450683594,207.49000549316406,5138800.0,197.39834594726562
2017-10-23,208.4499969482422,205.8000030517578,207.5800018310547,207.00999450683594,2261400.0,196.9416961669922
2017-10-24,208.22999572753906,205.8800048828125,206.3800048828125,208.14999389648438,3459900.0,198.02622985839844
2017-10-25,209.13999938964844,207.07000732421875,208.32000732421875,207.55999755859375,2908300.0,197.46495056152344
2017-10-26,211.6999969482422,207.5800018310547,207.9199981689453,209.14999389648438,4346000.0,198.9775848388672
2017-10-27,212.77000427246094,208.5500030517578,209.14999389648438,212.60000610351562,4385300.0,202.2598114013672
2017-10-30,212.77000427246094,209.3800048828125,212.2100067138672,209.38999938964844,2477400.0,199.20594787597656
2017-10-31,210.52000427246094,207.8000030517578,209.38999938964844,210.22000122070312,3749600.0,199.99557495117188
2017-11-01,212.6300048828125,208.9199981689453,211.6199951171875,209.52999877929688,1902900.0,199.33912658691406
2017-11-02,211.49000549316406,209.00999450683594,210.11000061035156,211.10000610351562,2825900.0,200.832763671875
2017-11-03,213.8300018310547,210.10000610351562,210.72000122070312,212.8699951171875,2196900.0,202.5166778564453
2017-11-06,213.92999267578125,211.8000030517578,211.91000366210938,212.1199951171875,2293700.0,201.80313110351562
2017-11-07,213.5399932861328,210.88999938964844,212.74000549316406,212.6999969482422,1845800.0,202.3549041748047
2017-11-08,212.92999267578125,210.6999969482422,212.0800018310547,210.77000427246094,2261100.0,200.51881408691406
2017-11-09,211.75999450683594,209.1300048828125,210.58999633789062,211.55999755859375,1839700.0,201.27035522460938
2017-11-10,211.80999755859375,210.1999969482422,211.4600067138672,211.07000732421875,1384700.0,200.80421447753906
2017-11-13,213.5399932861328,209.94000244140625,210.30999755859375,212.66000366210938,2662200.0,202.31687927246094
2017-11-14,212.6999969482422,210.9199981689453,212.2100067138672,211.7100067138672,1993900.0,201.4130859375
2017-11-15,211.97999572753906,209.6199951171875,210.8800048828125,209.86000061035156,1816300.0,199.653076171875
2017-11-16,212.00999450683594,209.89999389648438,210.3800048828125,211.1300048828125,1919600.0,200.86131286621094
2017-11-17,211.4600067138672,209.14999389648438,210.4600067138672,209.89999389648438,1887500.0,199.69113159179688
2017-11-20,210.67999267578125,209.5800018310547,210.0,210.25,2040400.0,200.02407836914062
2017-11-21,212.85000610351562,210.75,211.1300048828125,212.60000610351562,2327200.0,202.2598114013672
2017-11-22,212.80999755859375,210.75999450683594,212.25999450683594,211.22000122070312,2257800.0,200.9468994140625
2017-11-24,212.92999267578125,211.0,212.0,212.50999450683594,744000.0,202.1741943359375
2017-11-27,214.25,211.80999755859375,212.25,212.39999389648438,2856300.0,202.06951904296875
2017-11-28,216.30999755859375,212.50999450683594,213.8800048828125,216.13999938964844,2905700.0,205.6276397705078
2017-11-29,224.27000427246094,217.36000061035156,217.6999969482422,222.8800048828125,4247200.0,212.0398406982422
2017-11-30,228.75,222.2899932861328,223.8300018310547,228.1699981689453,6846400.0,217.8054656982422
2017-12-01,229.22000122070312,221.0800018310547,228.88999938964844,226.77999877929688,3325800.0,216.47857666015625
2017-12-04,231.77000427246094,221.39999389648438,229.25999450683594,221.4199981689453,5591500.0,211.36207580566406
2017-12-05,223.72000122070312,219.16000366210938,221.0,220.08999633789062,3246300.0,210.09251403808594
2017-12-06,221.9600067138672,219.02999877929688,221.02000427246094,219.94000244140625,2397500.0,209.94931030273438
2017-12-07,220.61000061035156,218.19000244140625,220.58999633789062,220.14999389648438,2661600.0,210.14974975585938
2017-12-08,224.3300018310547,220.22000122070312,220.5500030517578,223.91000366210938,2233300.0,213.7389678955078
2017-12-11,224.82000732421875,222.0399932861328,222.50999450683594,222.77000427246094,1599500.0,212.6507568359375
2017-12-12,223.4199981689453,221.25999450683594,221.39999389648438,222.49000549316406,2294100.0,212.3834686279297
2017-12-13,224.9499969482422,221.22999572753906,221.74000549316406,224.35000610351562,3059400.0,214.15896606445312
2017-12-14,226.97000122070312,221.00999450683594,225.0,221.25,2811700.0,211.19981384277344
2017-12-15,223.75,220.6300048828125,223.75,221.82000732421875,6293400.0,211.74392700195312
2017-12-18,224.80999755859375,222.19000244140625,222.60000610351562,222.6699981689453,3194100.0,212.5552978515625
2017-12-19,223.7899932861328,220.85000610351562,222.99000549316406,222.0399932861328,2340200.0,211.9539031982422
2017-12-20,224.88999938964844,221.72999572753906,223.11000061035156,222.3800048828125,2633200.0,212.27845764160156
2017-12-21,223.94000244140625,221.3699951171875,223.1199951171875,221.69000244140625,2955300.0,211.6197967529297
2017-12-22,222.35000610351562,218.4499969482422,222.0,220.0,1959700.0,210.00660705566406
2017-12-26,220.4199981689453,219.08999633789062,219.08999633789062,219.60000610351562,1482400.0,209.624755859375
2017-12-27,221.44000244140625,219.25,219.97999572753906,220.4199981689453,1861900.0,210.4075164794922
2017-12-28,222.7899932861328,220.14999389648438,221.4600067138672,222.77000427246094,1452600.0,212.6507568359375
2017-12-29,223.9499969482422,220.4600067138672,223.9499969482422,220.4600067138672,2350200.0,210.44569396972656
2018-01-02,222.4499969482422,220.0,221.02000427246094,221.16000366210938,3485000.0,211.1138916015625
2018-01-03,223.80999755859375,220.52000427246094,221.6199951171875,223.47999572753906,2417600.0,213.3284912109375
2018-01-04,226.10000610351562,224.1699981689453,224.33999633789062,224.4499969482422,2749100.0,214.2544403076172
2018-01-05,229.0500030517578,224.72000122070312,225.19000244140625,228.72999572753906,2432800.0,218.33999633789062
2018-01-08,228.7100067138672,224.61000061035156,228.1300048828125,224.75999450683594,2850800.0,214.5503387451172
2018-01-09,226.6300048828125,223.3000030517578,224.75999450683594,225.8800048828125,2672200.0,215.61949157714844
2018-01-10,225.00999450683594,223.02999877929688,224.8300018310547,224.1999969482422,2311600.0,214.01577758789062
2018-01-11,225.9199981689453,223.6999969482422,224.17999267578125,225.38999938964844,2543600.0,215.15174865722656
2018-01-12,229.89999389648438,226.52000427246094,227.4499969482422,228.63999938964844,3943800.0,218.2541046142578
2018-01-16,235.0,231.25,233.3699951171875,232.89999389648438,6852600.0,222.32058715820312
2018-01-17,238.9600067138672,233.85000610351562,234.6699981689453,238.42999267578125,5124800.0,227.59939575195312
2018-01-18,243.89999389648438,238.5500030517578,239.25999450683594,243.16000366210938,6234200.0,232.11456298828125
2018-01-19,244.35000610351562,241.07000732421875,244.17999267578125,243.35000610351562,4293600.0,232.29591369628906
2018-01-22,243.8000030517578,241.36000061035156,243.58999633789062,243.55999755859375,4012200.0,232.496337890625
2018-01-23,246.97999572753906,242.41000366210938,242.99000549316406,245.2100067138672,3300000.0,234.07142639160156
2018-01-24,247.30999755859375,243.7100067138672,246.00999450683594,244.85000610351562,2733300.0,233.727783203125
2018-01-25,246.19000244140625,243.89999389648438,244.75,245.17999267578125,2420500.0,234.04275512695312
2018-01-26,248.74000549316406,244.4600067138672,245.0,248.47000122070312,2615300.0,237.183349609375
2018-01-29,250.7899932861328,247.39999389648438,249.27999877929688,247.41000366210938,2564700.0,236.17149353027344
2018-01-30,242.74000549316406,232.10000610351562,232.8800048828125,236.64999389648438,11565500.0,225.90023803710938
2018-01-31,247.0,235.75999450683594,242.83999633789062,236.77999877929688,5187400.0,226.0243682861328
2018-02-01,237.82000732421875,233.8300018310547,235.25999450683594,235.22000122070312,4268300.0,224.5352020263672
2018-02-02,236.3000030517578,231.19000244140625,233.0,231.8800048828125,3959900.0,221.34693908691406
2018-02-05,233.11000061035156,208.47999572753906,230.7899932861328,220.02000427246094,6290000.0,210.02566528320312
2018-02-06,226.50999450683594,210.2100067138672,212.1999969482422,225.17999267578125,7064800.0,214.95126342773438
2018-02-07,229.2899932861328,221.50999450683594,222.3300018310547,225.82000732421875,5589200.0,215.56222534179688
2018-02-08,226.6300048828125,216.25999450683594,225.3300018310547,216.4600067138672,4902400.0,206.6273651123047
2018-02-09,223.27999877929688,212.00999450683594,218.0,220.9600067138672,6225300.0,210.9229736328125
2018-02-12,228.0,222.14999389648438,222.44000244140625,225.69000244140625,4912000.0,215.43812561035156
2018-02-13,227.1199951171875,222.38999938964844,223.14999389648438,226.63999938964844,3536800.0,216.3449249267578
2018-02-14,229.33999633789062,223.9199981689453,224.9499969482422,228.77999877929688,2878400.0,218.38772583007812
2018-02-15,230.0,221.74000549316406,229.27000427246094,226.02000427246094,4662700.0,215.75311279296875
2018-02-16,230.5500030517578,225.6999969482422,225.99000549316406,229.3699951171875,3621700.0,218.95091247558594
2018-02-20,228.75,225.61000061035156,227.91000366210938,226.66000366210938,3172300.0,216.3640594482422
2018-02-21,229.35000610351562,225.11000061035156,226.14999389648438,225.1300048828125,3371900.0,214.90353393554688
2018-02-22,229.83999633789062,225.0800018310547,226.3000030517578,227.08999633789062,2767900.0,216.7745361328125
2018-02-23,230.32000732421875,225.91000366210938,227.89999389648438,230.16000366210938,2393900.0,219.705078125
2018-02-26,234.50999450683594,229.6999969482422,231.63999938964844,234.05999755859375,3307000.0,223.42787170410156
2018-02-27,235.88999938964844,232.44000244140625,234.39999389648438,232.52000427246094,2899500.0,221.95787048339844
2018-02-28,234.75,226.08999633789062,234.4199981689453,226.16000366210938,4368600.0,215.8867645263672
2018-03-01,229.2899932861328,222.74000549316406,225.6999969482422,224.4499969482422,3514600.0,214.2544403076172
2018-03-02,225.82000732421875,222.58999633789062,223.2100067138672,225.19000244140625,2613600.0,214.96083068847656
2018-03-05,229.42999267578125,222.7899932861328,223.3699951171875,228.3800048828125,2627300.0,218.0059356689453
2018-03-06,229.14999389648438,223.88999938964844,228.9199981689453,226.17999267578125,2652800.0,215.9058380126953
2018-03-07,227.82000732421875,223.75,224.35000610351562,227.27000427246094,3242200.0,216.9463348388672
2018-03-08,227.99000549316406,223.9199981689453,227.92999267578125,224.72999572753906,3500900.0,215.2320098876953
2018-03-09,226.52000427246094,222.5,226.11000061035156,225.42999267578125,4834600.0,215.9023895263672
2018-03-12,227.0,222.77000427246094,226.2100067138672,222.77000427246094,3117300.0,213.35484313964844
2018-03-13,228.05999755859375,223.16000366210938,223.52999877929688,226.94000244140625,3343800.0,217.34857177734375
2018-03-14,229.38999938964844,225.02000427246094,227.1300048828125,225.3800048828125,3048200.0,215.85452270507812
2018-03-15,230.75999450683594,225.66000366210938,225.8300018310547,229.47999572753906,3330200.0,219.78121948242188
2018-03-16,231.27000427246094,227.75,229.66000366210938,227.86000061035156,5690300.0,218.2296905517578
2018-03-19,227.97000122070312,223.67999267578125,227.30999755859375,225.0500030517578,3407300.0,215.5384521484375
2018-03-20,227.60000610351562,223.8800048828125,225.16000366210938,226.77999877929688,3429100.0,217.19532775878906
2018-03-21,227.44000244140625,222.82000732421875,226.4499969482422,222.82000732421875,3419800.0,213.40274047851562
2018-03-22,221.66000366210938,215.10000610351562,221.64999389648438,215.2100067138672,5894800.0,206.11434936523438
2018-03-23,217.72999572753906,212.5,215.75,212.5500030517578,5741200.0,203.5667266845703
2018-03-26,219.41000366210938,214.6999969482422,215.19000244140625,219.07000732421875,3561300.0,209.8112030029297
2018-03-27,221.9499969482422,216.41000366210938,220.32000732421875,217.9600067138672,3722100.0,208.7481231689453
2018-03-28,219.91000366210938,217.0399932861328,218.88999938964844,218.5,3179500.0,209.26527404785156
2018-03-29,223.35000610351562,214.0,219.3800048828125,214.0,5529400.0,204.9554901123047
2018-04-02,222.99000549316406,214.6300048828125,218.4600067138672,217.1999969482422,6220700.0,208.0202178955078
2018-04-03,225.10000610351562,219.69000244140625,220.33999633789062,224.5800018310547,4652000.0,215.0883331298828
2018-04-04,229.47999572753906,220.4199981689453,220.69000244140625,228.7899932861328,4674000.0,219.12037658691406
2018-04-05,231.5800018310547,226.8000030517578,229.4600067138672,229.07000732421875,3348100.0,219.38856506347656
2018-04-06,228.19000244140625,221.82000732421875,226.64999389648438,223.9600067138672,3231700.0,214.49453735351562
2018-04-09,226.1300048828125,222.36000061035156,225.5800018310547,222.72999572753906,3031500.0,213.3165283203125
2018-04-10,228.16000366210938,223.49000549316406,225.39999389648438,226.7899932861328,2737500.0,217.2049102783203
2018-04-11,225.38999938964844,221.69000244140625,224.27000427246094,221.89999389648438,3482100.0,212.52159118652344
2018-04-12,225.75,223.41000366210938,224.0399932861328,224.24000549316406,2664500.0,214.76271057128906
2018-04-13,226.1300048828125,223.0800018310547,225.10000610351562,224.27999877929688,2496600.0,214.80101013183594
2018-04-16,231.85000610351562,226.35000610351562,227.11000061035156,230.32000732421875,4510600.0,220.58572387695312
2018-04-17,241.6699981689453,236.0800018310547,239.30999755859375,238.5500030517578,6180300.0,228.4678955078125
2018-04-18,239.74000549316406,236.3000030517578,239.0,236.39999389648438,2940100.0,226.40878295898438
2018-04-19,238.27000427246094,234.8000030517578,236.1999969482422,235.75999450683594,2734900.0,225.79579162597656
2018-04-20,237.10000610351562,233.5,236.0500030517578,235.05999755859375,2842000.0,225.12539672851562
2018-04-23,236.2100067138672,233.0800018310547,235.2899932861328,234.33999633789062,3051700.0,224.43582153320312
2018-04-24,237.32000732421875,232.55999755859375,235.9499969482422,234.22000122070312,2771200.0,224.32090759277344
2018-04-25,235.10000610351562,230.44000244140625,233.4499969482422,234.89999389648438,3118800.0,224.97215270996094
2018-04-26,237.83999633789062,234.3300018310547,235.72999572753906,237.02999877929688,2252800.0,227.01211547851562
2018-04-27,240.5399932861328,237.14999389648438,237.6300048828125,240.17999267578125,2301800.0,230.0290069580078
2018-04-30,241.0,236.39999389648438,241.0,236.39999389648438,3446900.0,226.40878295898438
2018-05-01,237.49000549316406,234.36000061035156,237.0,236.85000610351562,2633500.0,226.83975219726562
2018-05-02,236.2100067138672,232.86000061035156,235.3800048828125,233.4600067138672,3542700.0,223.593017578125
2018-05-03,234.8000030517578,229.30999755859375,231.97000122070312,234.14999389648438,2731600.0,224.2538604736328
2018-05-04,236.64999389648438,232.16000366210938,233.10000610351562,235.89999389648438,1999900.0,225.9298858642578
2018-05-07,236.99000549316406,232.6300048828125,235.8800048828125,233.77999877929688,3237800.0,223.89952087402344
2018-05-08,233.72000122070312,230.64999389648438,233.72000122070312,232.02999877929688,2698300.0,222.2234344482422
2018-05-09,233.4199981689453,228.22999572753906,233.0500030517578,229.2100067138672,3504200.0,219.5226593017578
2018-05-10,234.2899932861328,229.36000061035156,230.14999389648438,233.7100067138672,2169000.0,223.83245849609375
2018-05-11,238.8000030517578,232.9499969482422,233.5800018310547,238.27999877929688,3044900.0,228.2092742919922
2018-05-14,243.6699981689453,238.82000732421875,238.89999389648438,242.89999389648438,3893600.0,232.63404846191406
2018-05-15,242.22000122070312,238.6699981689453,241.86000061035156,239.5,2396600.0,229.37774658203125
2018-05-16,241.80999755859375,238.57000732421875,239.64999389648438,241.72000122070312,1906100.0,231.50390625
2018-05-17,243.55999755859375,240.5399932861328,241.49000549316406,242.9600067138672,2418700.0,232.69154357910156
2018-05-18,244.75999450683594,242.38999938964844,243.3699951171875,244.63999938964844,2283600.0,234.30052185058594
2018-05-21,249.1699981689453,244.83999633789062,245.0,247.89999389648438,3040700.0,237.4227294921875
2018-05-22,248.0500030517578,243.83999633789062,248.0,245.17999267578125,2644100.0,234.8176727294922
2018-05-23,245.5,241.63999938964844,244.02999877929688,244.25999450683594,3047800.0,233.9365692138672
2018-05-24,245.44000244140625,242.1999969482422,244.57000732421875,242.72999572753906,2610400.0,232.47122192382812
2018-05-25,245.5800018310547,242.44000244140625,242.9499969482422,244.9499969482422,1554900.0,234.59739685058594
2018-05-29,243.86000061035156,240.24000549316406,243.86000061035156,242.1699981689453,2837800.0,231.9348907470703
2018-05-30,245.75,242.6300048828125,243.74000549316406,244.94000244140625,2071900.0,234.5878143310547
2018-05-31,244.75,240.67999267578125,244.2100067138672,241.50999450683594,2966100.0,231.3027801513672
2018-06-01,243.74000549316406,241.2899932861328,243.74000549316406,243.35000610351562,2371400.0,233.06504821777344
2018-06-04,245.24000549316406,242.74000549316406,244.0,244.6300048828125,2188900.0,234.2909393310547
2018-06-05,245.11000061035156,241.91000366210938,245.08999633789062,244.42999267578125,1531900.0,234.09938049316406
2018-06-06,248.72000122070312,245.1300048828125,246.32000732421875,248.64999389648438,2650300.0,238.1410369873047
2018-06-07,250.0,248.25,249.75999450683594,248.97999572753906,2117200.0,238.4570770263672
2018-06-08,251.5,248.07000732421875,249.4600067138672,250.67999267578125,3034600.0,240.08522033691406
2018-06-11,254.99000549316406,250.39999389648438,250.83999633789062,253.77999877929688,2775200.0,243.05419921875
2018-06-12,253.94000244140625,250.1699981689453,253.1999969482422,253.5800018310547,2567200.0,242.8626708984375
2018-06-13,256.7300109863281,252.47999572753906,254.13999938964844,252.8699951171875,3138300.0,242.18267822265625
2018-06-14,255.99000549316406,253.66000366210938,254.47000122070312,255.3300018310547,2456600.0,244.53868103027344
2018-06-15,255.97999572753906,252.55999755859375,254.27000427246094,255.97999572753906,4772200.0,246.02842712402344
2018-06-18,255.00999450683594,252.13999938964844,254.0,254.8699951171875,1961900.0,244.96157836914062
2018-06-19,253.3000030517578,251.16000366210938,252.97000122070312,253.02000427246094,2370200.0,243.1835174560547
2018-06-20,253.72999572753906,251.8800048828125,253.32000732421875,252.80999755859375,2580400.0,242.98167419433594
2018-06-21,253.64999389648438,250.9199981689453,252.9499969482422,251.88999938964844,2150300.0,242.09742736816406
2018-06-22,255.11000061035156,251.19000244140625,252.24000549316406,254.3699951171875,2604000.0,244.4810333251953
2018-06-25,255.1300048828125,248.61000061035156,254.36000061035156,250.7100067138672,3060800.0,240.96331787109375
2018-06-26,252.47000122070312,249.5399932861328,250.55999755859375,249.77000427246094,2158000.0,240.0598907470703
2018-06-27,251.75999450683594,248.1300048828125,250.2899932861328,248.1699981689453,2481000.0,238.52206420898438
2018-06-28,248.0,242.22999572753906,247.1300048828125,244.89999389648438,3556900.0,235.37918090820312
2018-06-29,247.5,244.60000610351562,244.89999389648438,245.33999633789062,2772600.0,235.80206298828125
2018-07-02,247.72999572753906,244.1199951171875,245.0,247.47999572753906,1793300.0,237.85888671875
2018-07-03,248.75,246.74000549316406,248.3000030517578,246.97999572753906,1248000.0,237.37832641601562
2018-07-05,250.92999267578125,247.5800018310547,249.11000061035156,250.5,2182900.0,240.761474609375
2018-07-06,251.72999572753906,249.4199981689453,251.00999450683594,250.75999450683594,1572300.0,241.0113525390625
2018-07-09,254.00999450683594,251.0500030517578,252.1300048828125,253.6699981689453,2039600.0,243.80824279785156
2018-07-10,256.8999938964844,253.75,254.17999267578125,255.5399932861328,2012200.0,245.6055145263672
2018-07-11,256.0,253.74000549316406,255.13999938964844,254.58999633789062,1486000.0,244.6924591064453
2018-07-12,256.82000732421875,254.9199981689453,256.17999267578125,256.04998779296875,1592700.0,246.095703125
2018-07-13,259.010009765625,256.0199890136719,256.3900146484375,258.70001220703125,2356200.0,248.64271545410156
2018-07-16,258.45001220703125,256.44000244140625,258.2900085449219,256.9800109863281,3625400.0,246.98959350585938
2018-07-17,252.52000427246094,246.27000427246094,251.5500030517578,250.2899932861328,6932300.0,240.5596466064453
2018-07-18,256.6099853515625,250.44000244140625,251.11000061035156,255.4199981689453,3359800.0,245.49020385742188
2018-07-19,256.5,251.85000610351562,255.32000732421875,252.92999267578125,2307600.0,243.09698486328125
2018-07-20,253.5500030517578,251.1699981689453,251.1699981689453,252.6999969482422,1959600.0,242.87594604492188
2018-07-23,255.22999572753906,252.42999267578125,252.91000366210938,252.74000549316406,1479600.0,242.91439819335938
2018-07-24,254.9600067138672,252.00999450683594,254.86000061035156,253.75999450683594,2476500.0,243.8947296142578
2018-07-25,255.27000427246094,252.77000427246094,254.80999755859375,254.86000061035156,3016900.0,244.9519805908203
2018-07-26,257.8699951171875,255.8000030517578,256.25,257.0,2021300.0,247.00877380371094
2018-07-27,257.7900085449219,255.38999938964844,257.7900085449219,255.9499969482422,1656800.0,245.99960327148438
2018-07-30,256.8900146484375,253.11000061035156,255.91000366210938,253.83999633789062,1681500.0,243.97164916992188
2018-07-31,255.1999969482422,252.85000610351562,254.13999938964844,253.22000122070312,2355900.0,243.37571716308594
2018-08-01,256.1000061035156,252.80999755859375,256.1000061035156,253.3699951171875,3006700.0,243.51991271972656
2018-08-02,256.29998779296875,252.22999572753906,253.5,256.0799865722656,1854400.0,246.12454223632812
2018-08-03,257.55999755859375,254.3000030517578,256.45001220703125,257.2200012207031,1422300.0,247.22024536132812
2018-08-06,257.5400085449219,255.47000122070312,256.5,256.760009765625,1398100.0,246.77810668945312
2018-08-07,258.8399963378906,257.1300048828125,257.6400146484375,257.6499938964844,1462800.0,247.63351440429688
2018-08-08,259.5,257.9200134277344,258.1099853515625,258.80999755859375,1494300.0,248.74844360351562
2018-08-09,263.0199890136719,259.30999755859375,259.9100036621094,261.5899963378906,2315000.0,251.4203643798828
2018-08-10,261.5,259.1099853515625,260.489990234375,260.3599853515625,1625000.0,250.23812866210938
2018-08-13,262.54998779296875,260.29998779296875,261.0,260.9100036621094,1635100.0,250.7667999267578
2018-08-14,264.29998779296875,260.8500061035156,260.8900146484375,263.4800109863281,1941600.0,253.23687744140625
2018-08-15,262.69000244140625,259.19000244140625,261.9800109863281,260.6099853515625,2017700.0,250.47842407226562
2018-08-16,263.75,261.45001220703125,261.57000732421875,263.1000061035156,2115900.0,252.8716583251953
2018-08-17,264.1300048828125,261.7200012207031,263.54998779296875,262.3299865722656,1969700.0,252.13153076171875
2018-08-20,263.489990234375,261.57000732421875,263.0,262.3999938964844,1786200.0,252.19883728027344
2018-08-21,262.5199890136719,260.7300109863281,261.8500061035156,261.69000244140625,1559300.0,251.5164337158203
2018-08-22,261.95001220703125,260.25,261.95001220703125,260.739990234375,2148500.0,250.60340881347656
2018-08-23,262.55999755859375,259.55999755859375,261.0199890136719,261.4200134277344,1603500.0,251.2569580078125
2018-08-24,264.7799987792969,261.75,261.75,264.2799987792969,2238600.0,254.0057373046875
2018-08-27,267.45001220703125,264.4200134277344,265.0,267.0799865722656,2614000.0,256.6968994140625
2018-08-28,269.1400146484375,267.3299865722656,268.5400085449219,268.510009765625,2603900.0,258.07135009765625
2018-08-29,269.32000732421875,267.25,268.3900146484375,269.0,2880600.0,258.542236328125
2018-08-30,270.1700134277344,268.1099853515625,269.4599914550781,268.3900146484375,2976300.0,257.9560852050781
2018-08-31,269.2099914550781,267.20001220703125,268.2799987792969,268.4599914550781,2961500.0,258.02325439453125
2018-09-04,269.4100036621094,266.57000732421875,268.0,268.510009765625,2097300.0,258.07135009765625
2018-09-05,268.79998779296875,266.92999267578125,268.55999755859375,267.6400146484375,2230600.0,257.2351379394531
2018-09-06,270.0199890136719,266.94000244140625,267.6000061035156,269.6499938964844,2556100.0,260.0414733886719
2018-09-07,271.1600036621094,267.510009765625,269.6400146484375,268.2799987792969,2958000.0,258.7201843261719
2018-09-10,266.79998779296875,258.75,266.7799987792969,259.7300109863281,4146200.0,250.4749298095703
2018-09-11,261.4200134277344,257.4800109863281,257.9200134277344,261.0400085449219,2283300.0,251.73829650878906
2018-09-12,264.489990234375,260.8500061035156,261.1199951171875,262.6700134277344,2236300.0,253.3101806640625
2018-09-13,265.69000244140625,263.4200134277344,264.1600036621094,265.489990234375,2734500.0,256.0296325683594
2018-09-14,266.6499938964844,263.2799987792969,265.3999938964844,265.30999755859375,2084600.0,255.85610961914062
2018-09-17,266.6600036621094,263.4100036621094,266.5,263.8699951171875,1940400.0,254.46742248535156
2018-09-18,264.0899963378906,262.0,262.92999267578125,263.2900085449219,3557000.0,253.90806579589844
2018-09-19,265.6099853515625,263.1600036621094,264.4700012207031,265.3299865722656,2274300.0,255.87538146972656
2018-09-20,267.94000244140625,266.05999755859375,266.0799865722656,266.3900146484375,2095000.0,256.8976135253906
2018-09-21,267.8399963378906,265.8500061035156,266.1000061035156,266.6700134277344,5671600.0,257.16766357421875
2018-09-24,269.5299987792969,266.6700134277344,267.010009765625,267.3599853515625,2699800.0,257.83306884765625
2018-09-25,267.3299865722656,263.0299987792969,267.29998779296875,263.510009765625,3789700.0,254.12026977539062
2018-09-26,265.489990234375,262.45001220703125,264.5,262.9100036621094,2238000.0,253.5415802001953
2018-09-27,265.4100036621094,262.92999267578125,263.0,264.6499938964844,2761400.0,255.2196044921875
2018-09-28,266.19000244140625,263.8500061035156,264.3800048828125,266.0400085449219,2875100.0,256.56005859375
2018-10-01,270.0199890136719,267.0199890136719,267.25,269.1000061035156,3314500.0,259.51104736328125
2018-10-02,271.44000244140625,267.5,269.0,270.6300048828125,2777300.0,260.9865417480469
2018-10-03,272.07000732421875,269.7699890136719,272.0,270.8999938964844,3002200.0,261.24688720703125
2018-10-04,271.6199951171875,267.30999755859375,271.0,268.32000732421875,2186600.0,258.7588195800781
2018-10-05,271.0,267.95001220703125,268.6499938964844,269.20001220703125,2045700.0,259.6075439453125
2018-10-08,269.6499938964844,265.6499938964844,268.8399963378906,269.010009765625,1865000.0,259.42425537109375
2018-10-09,271.9599914550781,268.4700012207031,269.19000244140625,270.1099853515625,2510100.0,260.4849853515625
2018-10-10,271.4200134277344,262.5199890136719,270.6000061035156,263.0799865722656,4267300.0,253.70556640625
2018-10-11,264.3999938964844,255.77999877929688,262.0,257.1199951171875,4558500.0,247.9579315185547
2018-10-12,261.3900146484375,256.8599853515625,259.70001220703125,259.6099853515625,4006300.0,250.3592071533203
2018-10-15,262.44000244140625,259.30999755859375,260.1300048828125,260.25,3583400.0,250.9763946533203
2018-10-16,272.80999755859375,265.0,269.69000244140625,272.57000732421875,6453600.0,262.8573913574219
2018-10-17,271.0,265.6300048828125,270.19000244140625,267.29998779296875,3985100.0,257.7751770019531
2018-10-18,267.8800048828125,263.7099914550781,267.3500061035156,266.80999755859375,3132100.0,257.3026428222656
2018-10-19,267.9800109863281,263.8900146484375,266.6199951171875,265.29998779296875,3336600.0,255.84642028808594
2018-10-22,266.8299865722656,260.05999755859375,266.75,262.19000244140625,2618100.0,252.84725952148438
2018-10-23,265.5199890136719,259.20001220703125,259.7200012207031,264.8599853515625,4081800.0,255.42210388183594
2018-10-24,265.3299865722656,255.92999267578125,264.010009765625,256.32000732421875,5265600.0,247.1864471435547
2018-10-25,265.17999267578125,253.3699951171875,258.1600036621094,264.239990234375,4675600.0,254.82420349121094
2018-10-26,262.3999938964844,257.0199890136719,261.5,258.17999267578125,4830600.0,248.9801788330078
2018-10-29,262.0400085449219,253.32000732421875,259.7200012207031,256.5199890136719,3697700.0,247.37930297851562
2018-10-30,259.69000244140625,253.97999572753906,256.69000244140625,258.2799987792969,4169200.0,249.07662963867188
2018-10-31,264.07000732421875,260.2200012207031,260.8699951171875,261.3500061035156,4230200.0,252.03717041015625
2018-11-01,264.67999267578125,259.760009765625,262.9200134277344,260.92999267578125,2771300.0,251.63214111328125
2018-11-02,266.3800048828125,259.55999755859375,264.6099853515625,261.010009765625,2593600.0,251.70933532714844
2018-11-05,263.0,260.07000732421875,262.1499938964844,261.010009765625,3287000.0,251.70933532714844
2018-11-06,264.010009765625,260.70001220703125,260.70001220703125,263.5400085449219,2582400.0,254.149169921875
2018-11-07,276.75,266.8999938964844,266.8999938964844,274.6300048828125,5796800.0,264.843994140625
2018-11-08,278.0,274.70001220703125,276.0,276.6499938964844,3809100.0,266.7919616699219
2018-11-09,278.0,274.19000244140625,276.8599853515625,276.54998779296875,2904300.0,266.6955261230469
2018-11-12,277.7900085449219,272.0,276.0,272.3800048828125,3140600.0,262.67413330078125
2018-11-13,273.6000061035156,268.1400146484375,272.5799865722656,269.2200012207031,2516900.0,259.6268005371094
2018-11-14,270.5199890136719,263.3500061035156,269.2900085449219,264.9599914550781,3511900.0,255.51853942871094
2018-11-15,265.9200134277344,260.8500061035156,264.0,264.94000244140625,3657600.0,255.49928283691406
2018-11-16,271.79998779296875,264.9200134277344,264.989990234375,271.1099853515625,3857800.0,261.4494323730469
2018-11-19,272.2699890136719,264.17999267578125,271.4800109863281,266.04998779296875,3670800.0,256.56976318359375
2018-11-20,266.7799987792969,260.3999938964844,265.6199951171875,261.5,3617700.0,252.1818389892578
2018-11-21,264.6300048828125,260.45001220703125,262.5899963378906,260.54998779296875,3234300.0,251.26571655273438
2018-11-23,262.94000244140625,258.2799987792969,260.0,261.6199951171875,1159300.0,252.29759216308594
2018-11-26,268.29998779296875,263.5,264.6199951171875,266.1600036621094,3879800.0,256.67578125
2018-11-27,271.29998779296875,265.0299987792969,265.57000732421875,271.1499938964844,3497300.0,261.48797607421875
2018-11-28,282.3999938964844,272.82000732421875,272.82000732421875,280.95001220703125,5044300.0,270.9388122558594
2018-11-29,285.45001220703125,280.30999755859375,280.42999267578125,282.54998779296875,4177800.0,272.48175048828125
2018-11-30,283.6400146484375,279.07000732421875,282.989990234375,281.3599853515625,6143200.0,272.2012023925781
2018-12-03,286.5299987792969,282.7099914550781,283.0,286.3299865722656,4178800.0,277.0094299316406
2018-12-04,287.94000244140625,276.9100036621094,286.1499938964844,278.54998779296875,4635500.0,269.4826354980469
2018-12-06,276.94000244140625,265.25,273.0199890136719,276.8500061035156,6694600.0,267.8380126953125
2018-12-07,276.4200134277344,267.2799987792969,273.760009765625,269.17999267578125,3506900.0,260.4176940917969
2018-12-10,269.0,260.2300109863281,268.5899963378906,266.5299987792969,4061300.0,257.8539123535156
2018-12-11,271.5299987792969,265.6700134277344,269.5799865722656,267.2200012207031,3102800.0,258.521484375
2018-12-12,274.55999755859375,270.489990234375,271.95001220703125,270.6400146484375,3167900.0,261.8302001953125
2018-12-13,273.32000732421875,269.6199951171875,270.8599853515625,272.1499938964844,2350400.0,263.291015625
2018-12-14,270.57000732421875,263.7099914550781,270.3599853515625,265.0199890136719,3360500.0,256.39306640625
2018-12-17,262.75,256.7300109863281,261.0400085449219,258.07000732421875,5806800.0,249.6693572998047
2018-12-18,259.989990234375,248.1999969482422,259.70001220703125,252.97000122070312,5065500.0,244.73536682128906
2018-12-19,256.55999755859375,247.58999633789062,252.3699951171875,250.30999755859375,5468500.0,242.1619415283203
2018-12-20,249.00999450683594,240.0500030517578,248.5,242.44000244140625,7311700.0,234.54812622070312
2018-12-21,247.5,237.4499969482422,240.72999572753906,238.33999633789062,12209700.0,230.5815887451172
2018-12-24,237.89999389648438,232.55999755859375,236.24000549316406,232.94000244140625,3091000.0,225.35736083984375
2018-12-26,243.3699951171875,231.80999755859375,232.6999969482422,243.35000610351562,4159300.0,235.4285125732422
2018-12-27,245.97000122070312,235.24000549316406,239.10000610351562,245.97000122070312,4295800.0,237.96322631835938
2018-12-28,249.7899932861328,244.80999755859375,246.7100067138672,246.24000549316406,3312700.0,238.2244415283203
2018-12-31,250.27999877929688,246.94000244140625,248.05999755859375,249.1199951171875,3123200.0,241.01068115234375
2019-01-02,246.35000610351562,241.47000122070312,245.0,243.49000549316406,4063600.0,235.56398010253906
2019-01-03,243.47999572753906,236.1300048828125,243.47999572753906,236.85000610351562,4623200.0,229.14010620117188
2019-01-04,243.4600067138672,238.8000030517578,239.8000030517578,239.6199951171875,5367600.0,231.8199462890625
2019-01-07,241.97999572753906,238.22999572753906,240.39999389648438,240.0800018310547,4133000.0,232.2649688720703
2019-01-08,244.7899932861328,239.7100067138672,242.3300018310547,243.2899932861328,3618600.0,235.3704376220703
2019-01-09,246.6300048828125,242.05999755859375,244.75999450683594,243.63999938964844,3425400.0,235.70907592773438
2019-01-10,245.13999938964844,241.41000366210938,242.0800018310547,244.8699951171875,3374100.0,236.8990478515625
2019-01-11,247.75999450683594,243.27000427246094,243.4499969482422,247.6699981689453,3967100.0,239.60789489746094
2019-01-14,249.9199981689453,246.11000061035156,246.58999633789062,248.05999755859375,4955500.0,239.98519897460938
2019-01-15,256.9200134277344,247.0,250.0,256.8699951171875,5325600.0,248.5083770751953
2019-01-16,262.19000244140625,258.1700134277344,258.7300109863281,261.4599914550781,6069400.0,252.948974609375
2019-01-17,261.739990234375,257.8900146484375,260.989990234375,259.7699890136719,3583600.0,251.31399536132812
2019-01-18,266.260009765625,260.4200134277344,262.6000061035156,265.5,4844800.0,256.8575134277344
2019-01-22,267.5,263.739990234375,264.05999755859375,265.69000244140625,4052700.0,257.0412902832031
2019-01-23,269.4700012207031,263.6700134277344,267.75,267.0199890136719,2971100.0,258.3279724121094
2019-01-24,268.1600036621094,264.260009765625,266.79998779296875,266.1300048828125,2927300.0,257.46697998046875
2019-01-25,270.4100036621094,265.70001220703125,268.79998779296875,268.04998779296875,2809100.0,259.324462890625
2019-01-28,266.92999267578125,264.6099853515625,266.8999938964844,266.7699890136719,2837300.0,258.086181640625
2019-01-29,268.45001220703125,265.44000244140625,266.0,267.3399963378906,2173000.0,258.6375732421875
2019-01-30,272.44000244140625,267.19000244140625,269.69000244140625,270.3699951171875,3659000.0,261.5689697265625
2019-01-31,271.739990234375,268.989990234375,270.4800109863281,270.20001220703125,4055100.0,261.4045104980469
2019-02-01,269.3900146484375,266.0299987792969,268.4700012207031,268.7200012207031,3946800.0,259.9726867675781
2019-02-04,268.69000244140625,264.2699890136719,268.30999755859375,268.2099914550781,3398900.0,259.4792785644531
2019-02-05,272.0899963378906,265.8399963378906,270.1199951171875,266.30999755859375,3597000.0,257.64111328125
2019-02-06,269.92999267578125,264.9800109863281,265.1400146484375,269.5,2570000.0,260.7272644042969
2019-02-07,270.5799865722656,267.260009765625,268.6400146484375,269.0,2458200.0,260.2435302734375
2019-02-08,268.70001220703125,260.32000732421875,267.5,261.8999938964844,4547000.0,253.37466430664062
2019-02-11,261.17999267578125,256.3399963378906,261.1700134277344,257.1400146484375,4856200.0,248.7696533203125
2019-02-12,264.0,256.9200134277344,259.2200012207031,263.5,4327900.0,254.9225616455078
2019-02-13,266.2900085449219,263.1499938964844,263.5199890136719,263.79998779296875,3066400.0,255.21279907226562
2019-02-14,267.07000732421875,262.7099914550781,263.239990234375,265.3299865722656,3015300.0,256.6929931640625
2019-02-15,271.1300048828125,266.6199951171875,267.7900085449219,271.1300048828125,3673700.0,262.3042297363281
2019-02-19,272.489990234375,269.2799987792969,271.1700134277344,270.4100036621094,2486700.0,261.607666015625
2019-02-20,270.5899963378906,268.17999267578125,269.2099914550781,269.510009765625,2802800.0,260.7369689941406
2019-02-21,269.94000244140625,265.1000061035156,269.4700012207031,266.3999938964844,2554300.0,257.72821044921875
2019-02-22,268.3900146484375,265.95001220703125,266.5,267.1099853515625,3191100.0,258.4150695800781
2019-02-25,268.1700134277344,264.3800048828125,267.5799865722656,264.6000061035156,3679100.0,255.9867706298828
2019-02-26,265.42999267578125,262.79998779296875,264.6600036621094,262.9800109863281,3212900.0,254.41952514648438
2019-02-27,261.6099853515625,248.94000244140625,261.6099853515625,250.0800018310547,8952900.0,241.93942260742188
2019-02-28,251.9499969482422,239.14999389648438,249.6999969482422,242.22000122070312,11034300.0,234.33531188964844
2019-03-01,248.0,243.55999755859375,243.55999755859375,246.14999389648438,6921300.0,238.13735961914062
2019-03-04,248.4499969482422,234.50999450683594,248.1199951171875,236.02000427246094,8646300.0,228.3371124267578
2019-03-05,243.1999969482422,234.94000244140625,236.52999877929688,241.42999267578125,6924500.0,233.57098388671875
2019-03-06,241.74000549316406,237.02999877929688,241.74000549316406,239.07000732421875,4878700.0,231.28782653808594
2019-03-07,241.17999267578125,235.5500030517578,240.3000030517578,236.6999969482422,5033500.0,228.9949493408203
2019-03-08,239.41000366210938,234.63999938964844,235.14999389648438,237.2899932861328,4921700.0,230.44195556640625
2019-03-11,244.02000427246094,236.4199981689453,239.2100067138672,243.14999389648438,4539600.0,236.1328582763672
2019-03-12,247.47999572753906,243.74000549316406,244.9499969482422,245.8800048828125,4235800.0,238.78407287597656
2019-03-13,252.75999450683594,247.0800018310547,247.9600067138672,252.25,4881600.0,244.9702606201172
2019-03-14,255.05999755859375,252.33999633789062,253.0,253.27000427246094,3865200.0,245.9608154296875
2019-03-15,254.74000549316406,249.94000244140625,254.33999633789062,251.39999389648438,6466200.0,244.144775390625
2019-03-18,255.30999755859375,250.4199981689453,252.66000366210938,255.0,3927400.0,247.64088439941406
2019-03-19,259.25,255.13999938964844,255.9499969482422,257.1300048828125,4164800.0,249.7093963623047
2019-03-20,257.69000244140625,249.97000122070312,257.42999267578125,250.5,4193500.0,243.27076721191406
2019-03-21,252.9600067138672,248.66000366210938,249.19000244140625,252.02000427246094,2699700.0,244.7469024658203
2019-03-22,251.1999969482422,246.99000549316406,250.57000732421875,247.08999633789062,3777900.0,239.95916748046875
2019-03-25,247.4199981689453,240.77999877929688,247.4199981689453,246.86000061035156,4110900.0,239.73580932617188
2019-03-26,247.88999938964844,241.72000122070312,247.25999450683594,243.38999938964844,4416200.0,236.36593627929688
2019-03-27,245.67999267578125,238.16000366210938,242.94000244140625,241.7100067138672,4819200.0,234.7344207763672
2019-03-28,242.85000610351562,238.88999938964844,242.58999633789062,242.22999572753906,3601500.0,235.23941040039062
2019-03-29,247.75999450683594,241.8699951171875,244.2899932861328,247.25999450683594,4294200.0,240.12425231933594
2019-04-01,250.1999969482422,243.05999755859375,249.7100067138672,245.5399932861328,4809500.0,238.4539031982422
2019-04-02,246.39999389648438,242.8000030517578,245.50999450683594,244.41000366210938,4057100.0,237.3564910888672
2019-04-03,247.5399932861328,244.58999633789062,246.30999755859375,245.83999633789062,2851400.0,238.7452392578125
2019-04-04,249.11000061035156,244.63999938964844,245.47999572753906,247.38999938964844,2255500.0,240.25051879882812
2019-04-05,249.30999755859375,245.1699981689453,248.9499969482422,248.77999877929688,3343000.0,241.6003875732422
2019-04-08,249.67999267578125,246.30999755859375,249.67999267578125,248.75,2195400.0,241.57127380371094
2019-04-09,249.94000244140625,245.9499969482422,247.57000732421875,248.7899932861328,2903800.0,241.61007690429688
2019-04-10,249.8699951171875,245.52000427246094,248.77999877929688,246.02999877929688,2753700.0,238.92974853515625
2019-04-11,246.9199981689453,232.67999267578125,246.0500030517578,235.4199981689453,8223400.0,228.62594604492188
2019-04-12,236.77999877929688,220.77000427246094,236.5,223.22000122070312,13979400.0,216.7780303955078
2019-04-15,230.97000122070312,224.41000366210938,225.77000427246094,230.1999969482422,10021800.0,223.5565948486328
2019-04-16,238.00999450683594,215.82000732421875,238.00999450683594,220.9600067138672,27361400.0,214.58328247070312
2019-04-17,224.24000549316406,208.07000732421875,223.7899932861328,216.83999633789062,22101400.0,210.5821533203125
2019-04-18,223.0,214.2100067138672,217.13999938964844,221.75,13927200.0,215.3504638671875
2019-04-22,227.55999755859375,221.5,224.0,227.11000061035156,11191800.0,220.5557403564453
2019-04-23,231.94000244140625,226.10000610351562,228.25,230.5800018310547,10261400.0,223.92562866210938
2019-04-24,231.6300048828125,227.75,230.08999633789062,230.35000610351562,6104100.0,223.70225524902344
2019-04-25,232.1199951171875,228.1300048828125,228.52999877929688,230.7899932861328,5954500.0,224.12954711914062
2019-04-26,237.11000061035156,231.19000244140625,232.13999938964844,237.0,6186200.0,230.16033935546875
2019-04-29,238.05999755859375,234.16000366210938,237.39999389648438,237.4499969482422,5345300.0,230.5973358154297
2019-04-30,238.0800018310547,230.19000244140625,238.0800018310547,233.07000732421875,7632300.0,226.34378051757812
2019-05-01,234.6199951171875,230.35000610351562,233.07000732421875,231.9499969482422,4823200.0,225.256103515625
2019-05-02,233.33999633789062,228.0800018310547,230.89999389648438,232.4499969482422,5499200.0,225.74166870117188
2019-05-03,233.89999389648438,227.17999267578125,232.83999633789062,231.9499969482422,4323100.0,225.256103515625
2019-05-06,240.57000732421875,227.5,228.1699981689453,240.5,7180200.0,233.55934143066406
2019-05-07,243.14999389648438,236.39999389648438,239.19000244140625,238.0500030517578,5104700.0,231.1800537109375
2019-05-08,240.80999755859375,235.52999877929688,238.0,239.14999389648438,3768400.0,232.24830627441406
2019-05-09,240.5399932861328,235.6699981689453,236.60000610351562,237.97000122070312,4299500.0,231.10235595703125
2019-05-10,242.6199951171875,236.3699951171875,239.97000122070312,240.58999633789062,4374400.0,233.646728515625
2019-05-13,240.10000610351562,236.1999969482422,236.4499969482422,239.5500030517578,4684400.0,232.6367645263672
2019-05-14,240.99000549316406,236.27999877929688,240.63999938964844,236.42999267578125,5329700.0,229.60679626464844
2019-05-15,237.52999877929688,232.6199951171875,235.0,236.0800018310547,5099700.0,229.26690673828125
2019-05-16,240.4499969482422,235.72000122070312,235.88999938964844,236.7899932861328,4456400.0,229.9564208984375
2019-05-17,242.44000244140625,235.64999389648438,236.1699981689453,241.3800048828125,4486400.0,234.41395568847656
2019-05-20,246.74000549316406,239.77000427246094,240.0,245.99000549316406,5390800.0,238.8909149169922
2019-05-21,251.17999267578125,246.8000030517578,247.00999450683594,249.94000244140625,5345300.0,242.72691345214844
2019-05-22,251.02999877929688,248.7100067138672,249.10000610351562,249.33999633789062,4038000.0,242.14422607421875
2019-05-23,248.14999389648438,244.38999938964844,247.97999572753906,246.5,3934600.0,239.3861846923828
2019-05-24,249.36000061035156,245.50999450683594,247.25,247.6300048828125,2973900.0,240.48358154296875
2019-05-28,249.3000030517578,241.97999572753906,248.5,242.05999755859375,6172700.0,235.07432556152344
2019-05-29,243.02999877929688,237.89999389648438,239.85000610351562,242.39999389648438,3958400.0,235.4044952392578
2019-05-30,245.35000610351562,241.33999633789062,241.9199981689453,243.5,2646600.0,236.47276306152344
2019-05-31,243.6199951171875,239.47999572753906,241.9499969482422,241.8000030517578,3285700.0,234.82183837890625
2019-06-03,243.8000030517578,236.02000427246094,241.49000549316406,236.55999755859375,4999400.0,229.7330780029297
2019-06-04,241.0500030517578,234.8300018310547,238.1300048828125,240.75999450683594,4992000.0,233.81182861328125
2019-06-05,245.7899932861328,241.22999572753906,243.1699981689453,242.77000427246094,3194400.0,235.7638397216797
2019-06-06,243.94000244140625,241.72999572753906,243.1300048828125,241.82000732421875,2630100.0,234.84124755859375
2019-06-07,247.07000732421875,242.19000244140625,242.89999389648438,246.77000427246094,2837400.0,239.6483917236328
2019-06-10,249.6699981689453,245.99000549316406,247.0800018310547,248.13999938964844,2331000.0,240.97886657714844
2019-06-11,250.69000244140625,245.72999572753906,248.52000427246094,245.8699951171875,3043000.0,238.77435302734375
2019-06-12,246.5,242.3000030517578,246.1999969482422,244.5,3251800.0,237.4438934326172
2019-06-13,245.33999633789062,243.1199951171875,244.82000732421875,244.9600067138672,3107800.0,237.89065551757812
2019-06-14,246.10000610351562,242.7899932861328,244.72000122070312,245.3699951171875,2165500.0,239.3440399169922
2019-06-17,247.10000610351562,245.22000122070312,246.0,245.97000122070312,2270300.0,239.92930603027344
2019-06-18,249.33999633789062,245.14999389648438,247.5,245.6999969482422,3482500.0,239.66592407226562
2019-06-19,251.3699951171875,245.50999450683594,246.0,250.19000244140625,4204600.0,244.04566955566406
2019-06-20,252.82000732421875,247.39999389648438,251.60000610351562,247.75999450683594,3800800.0,241.6753387451172
2019-06-21,253.49000549316406,246.89999389648438,248.77999877929688,252.27999877929688,6323500.0,246.08432006835938
2019-06-24,252.6300048828125,247.86000061035156,251.3300018310547,249.63999938964844,3163800.0,243.5091552734375
2019-06-25,251.0399932861328,247.4199981689453,249.3000030517578,247.66000366210938,3182700.0,241.5778045654297
2019-06-26,248.0800018310547,243.1300048828125,248.0,243.47000122070312,3852900.0,237.49070739746094
2019-06-27,248.14999389648438,243.16000366210938,244.25999450683594,246.33999633789062,3366200.0,240.29022216796875
2019-06-28,246.75,238.64999389648438,246.5,244.00999450683594,6727600.0,238.01742553710938
2019-07-01,246.1699981689453,240.72000122070312,245.9499969482422,242.63999938964844,4102700.0,236.68109130859375
2019-07-02,243.99000549316406,239.5399932861328,242.58999633789062,243.97000122070312,3863500.0,237.97842407226562
2019-07-03,247.52000427246094,244.0399932861328,244.32000732421875,245.2100067138672,2559400.0,239.18795776367188
2019-07-05,248.75999450683594,244.05999755859375,244.38999938964844,246.99000549316406,2965000.0,240.9242401123047
2019-07-08,247.97999572753906,244.8800048828125,246.41000366210938,247.83999633789062,1902500.0,241.75338745117188
2019-07-09,246.0800018310547,243.69000244140625,244.6300048828125,246.0,2774800.0,239.9585723876953
2019-07-10,249.11000061035156,245.47999572753906,246.82000732421875,247.47999572753906,2753000.0,241.4022216796875
2019-07-11,261.69000244140625,249.0500030517578,255.8000030517578,261.1600036621094,10268800.0,254.7462921142578
2019-07-12,266.5199890136719,261.6300048828125,261.6300048828125,265.8999938964844,5336100.0,259.3699035644531
2019-07-15,267.6499938964844,264.25,265.05999755859375,265.9599914550781,2611400.0,259.4283752441406
2019-07-16,267.1400146484375,263.19000244140625,265.3299865722656,264.6600036621094,3121600.0,258.1603088378906
2019-07-17,268.69000244140625,263.5,264.0,266.6499938964844,3995200.0,260.1014099121094
2019-07-18,266.510009765625,257.260009765625,265.6400146484375,260.6000061035156,5827000.0,254.2000274658203
2019-07-19,262.7200012207031,256.3999938964844,261.1000061035156,256.6499938964844,4413200.0,250.3470001220703
2019-07-22,258.95001220703125,254.52999877929688,258.1400146484375,255.32000732421875,4104300.0,249.0496826171875
2019-07-23,256.1000061035156,252.02000427246094,254.47000122070312,255.00999450683594,2889300.0,248.74729919433594
2019-07-24,252.8300018310547,245.1300048828125,252.7899932861328,251.1300048828125,4864000.0,244.96258544921875
2019-07-25,252.75,248.2899932861328,251.1300048828125,248.6999969482422,3362800.0,242.59226989746094
2019-07-26,253.8800048828125,246.50999450683594,249.02000427246094,252.94000244140625,3362600.0,246.72813415527344
2019-07-29,255.3000030517578,252.33999633789062,252.83999633789062,253.82000732421875,2005500.0,247.58653259277344
2019-07-30,255.05999755859375,250.47000122070312,252.66000366210938,254.92999267578125,1908800.0,248.66925048828125
2019-07-31,257.1600036621094,248.47999572753906,256.32000732421875,249.00999450683594,3532400.0,242.8946533203125
2019-08-01,251.5800018310547,247.27999877929688,249.19000244140625,249.25,3613600.0,243.1287384033203
2019-08-02,251.57000732421875,246.10000610351562,249.69000244140625,250.0500030517578,2677600.0,243.9091033935547
2019-08-05,249.94000244140625,242.58999633789062,248.1300048828125,245.05999755859375,5812400.0,239.04165649414062
2019-08-06,248.27999877929688,243.57000732421875,245.92999267578125,248.27999877929688,3533000.0,242.1825714111328
2019-08-07,247.0399932861328,241.25999450683594,246.27000427246094,246.4499969482422,3205800.0,240.39752197265625
2019-08-08,247.6699981689453,243.3699951171875,246.19000244140625,247.6199951171875,2830700.0,241.53880310058594
2019-08-09,250.4199981689453,246.13999938964844,247.72000122070312,248.6300048828125,2535000.0,242.5239715576172
2019-08-12,247.9600067138672,243.02999877929688,246.7899932861328,243.1999969482422,2667400.0,237.22732543945312
2019-08-13,250.4600067138672,241.50999450683594,241.67999267578125,249.22000122070312,2763400.0,243.0994873046875
2019-08-14,248.41000366210938,243.00999450683594,246.72999572753906,243.1999969482422,3464300.0,237.22732543945312
2019-08-15,245.25999450683594,241.4499969482422,244.35000610351562,244.25,2513500.0,238.25152587890625
2019-08-16,247.11000061035156,244.17999267578125,245.3800048828125,245.69000244140625,2810000.0,239.65618896484375
2019-08-19,248.49000549316406,244.08999633789062,247.49000549316406,244.7100067138672,2672300.0,238.7002716064453
2019-08-20,244.60000610351562,239.9199981689453,244.2100067138672,240.16000366210938,3201300.0,234.2620086669922
2019-08-21,241.88999938964844,239.3000030517578,240.19000244140625,240.35000610351562,2761900.0,234.4473419189453
2019-08-22,240.35000610351562,232.6699981689453,240.35000610351562,232.94000244140625,4498200.0,227.2193145751953
2019-08-23,235.10000610351562,229.3800048828125,232.89999389648438,230.66000366210938,4826600.0,224.99530029296875
2019-08-26,234.55999755859375,230.4600067138672,232.52000427246094,231.0800018310547,2918300.0,225.4049835205078
2019-08-27,232.39999389648438,222.60000610351562,231.72000122070312,222.92999267578125,4988100.0,217.4551239013672
2019-08-28,229.77000427246094,220.77999877929688,222.4199981689453,227.35000610351562,4847600.0,221.76661682128906
2019-08-29,232.3000030517578,228.00999450683594,228.4199981689453,230.6199951171875,4052500.0,224.95628356933594
2019-08-30,235.0500030517578,232.2899932861328,233.6699981689453,234.0,3384100.0,228.25326538085938
2019-09-03,232.1699981689453,228.47000122070312,231.74000549316406,230.6199951171875,3382300.0,224.95628356933594
2019-09-04,232.9499969482422,226.5,231.9499969482422,226.72999572753906,4526100.0,221.16180419921875
2019-09-05,231.50999450683594,227.5800018310547,230.0,229.58999633789062,4256900.0,223.95156860351562
2019-09-06,231.9600067138672,228.58999633789062,230.1699981689453,229.0,4183200.0,223.3760528564453
2019-09-09,232.0,228.55999755859375,229.0,230.67999267578125,3895600.0,225.01480102539062
2019-09-10,234.2899932861328,230.8300018310547,231.4499969482422,232.4600067138672,4257600.0,226.7510986328125
2019-09-11,234.25,228.5800018310547,232.49000549316406,234.2100067138672,3168100.0,228.45814514160156
2019-09-12,236.39999389648438,229.6999969482422,235.0,230.10000610351562,4713700.0,224.44906616210938
2019-09-13,236.55999755859375,231.5399932861328,232.99000549316406,233.61000061035156,4523200.0,228.9474639892578
2019-09-16,236.0500030517578,232.14999389648438,232.82000732421875,234.42999267578125,2973600.0,229.75108337402344
2019-09-17,233.99000549316406,231.1699981689453,233.07000732421875,232.52000427246094,2392900.0,227.87921142578125
2019-09-18,233.1300048828125,229.22999572753906,230.8000030517578,230.61000061035156,2960500.0,226.00732421875
2019-09-19,233.9499969482422,231.22999572753906,232.0,232.85000610351562,2666700.0,228.20262145996094
2019-09-20,235.0,231.9199981689453,234.77000427246094,232.88999938964844,6220100.0,228.24180603027344
2019-09-23,230.77999877929688,228.32000732421875,229.77000427246094,228.77000427246094,3281200.0,224.2040557861328
2019-09-24,229.83999633789062,222.9199981689453,229.3800048828125,225.0,5006800.0,220.50929260253906
2019-09-25,226.5,222.1300048828125,224.27999877929688,222.1699981689453,4658000.0,217.73577880859375
2019-09-26,223.6300048828125,213.42999267578125,223.0399932861328,215.47999572753906,10444400.0,211.17929077148438
2019-09-27,218.8800048828125,215.02000427246094,218.17999267578125,215.25999450683594,4834900.0,210.96368408203125
2019-09-30,218.52999877929688,213.1199951171875,213.63999938964844,217.32000732421875,5286300.0,212.98257446289062
2019-10-01,219.19000244140625,212.0800018310547,219.19000244140625,217.2100067138672,5523600.0,212.87477111816406
2019-10-02,219.36000061035156,215.27999877929688,216.14999389648438,216.75,4921200.0,212.4239501953125
2019-10-03,216.36000061035156,213.0500030517578,215.6300048828125,215.36000061035156,3375800.0,211.0616912841797
2019-10-04,219.86000061035156,215.13999938964844,216.83999633789062,219.8000030517578,3700500.0,215.41307067871094
2019-10-07,222.52999877929688,218.99000549316406,219.0500030517578,221.24000549316406,3843200.0,216.8243408203125
2019-10-08,221.97999572753906,218.39999389648438,219.49000549316406,220.11000061035156,4817000.0,215.71688842773438
2019-10-09,223.47000122070312,220.1699981689453,221.7100067138672,222.0800018310547,4483100.0,217.64756774902344
2019-10-10,224.1300048828125,217.52000427246094,218.19000244140625,223.72999572753906,5252200.0,219.26461791992188
2019-10-11,228.85000610351562,221.58999633789062,225.5399932861328,222.07000732421875,5891600.0,217.6377716064453
2019-10-14,223.33999633789062,219.89999389648438,221.6300048828125,220.58999633789062,4075300.0,216.18731689453125
2019-10-15,239.83999633789062,231.08999633789062,232.69000244140625,238.58999633789062,13397700.0,233.8280487060547
2019-10-16,237.47999572753906,234.0800018310547,236.2899932861328,236.99000549316406,5368600.0,232.25999450683594
2019-10-17,244.61000061035156,237.27000427246094,238.69000244140625,243.6699981689453,6301200.0,238.80665588378906
2019-10-18,246.41000366210938,241.75999450683594,244.4499969482422,245.33999633789062,4922100.0,240.4433135986328
2019-10-21,245.60000610351562,242.14999389648438,245.02000427246094,243.9199981689453,3029200.0,239.05166625976562
2019-10-22,251.5,243.14999389648438,243.63999938964844,249.47999572753906,5660800.0,244.5006866455078
2019-10-23,251.75,246.72999572753906,248.38999938964844,247.8000030517578,3706600.0,242.85423278808594
2019-10-24,248.49000549316406,243.91000366210938,248.02999877929688,244.50999450683594,2546900.0,239.62989807128906
2019-10-25,246.0800018310547,242.14999389648438,243.91000366210938,244.91000366210938,2814900.0,240.02191162109375
2019-10-28,248.38999938964844,244.9199981689453,245.25999450683594,247.0500030517578,2957100.0,242.11920166015625
2019-10-29,253.1999969482422,246.30999755859375,247.0399932861328,252.2899932861328,3528900.0,247.25460815429688
2019-10-30,255.27999877929688,251.97999572753906,252.1699981689453,254.8000030517578,3299200.0,249.7145233154297
2019-10-31,255.72000122070312,249.91000366210938,254.3800048828125,252.6999969482422,3960300.0,247.6564178466797
2019-11-01,256.3299865722656,252.16000366210938,253.99000549316406,252.2100067138672,2919600.0,247.1762237548828
2019-11-04,253.8300018310547,249.91000366210938,253.6300048828125,251.25,3186400.0,246.23536682128906
2019-11-05,254.27000427246094,250.08999633789062,253.74000549316406,250.3000030517578,5393200.0,245.30435180664062
2019-11-06,251.99000549316406,249.08999633789062,249.7100067138672,250.52000427246094,3668600.0,245.5199432373047
2019-11-07,256.75,251.25999450683594,251.9499969482422,256.4599914550781,3646300.0,251.3413848876953
2019-11-08,258.3399963378906,255.0,256.7699890136719,256.9700012207031,2200300.0,251.84120178222656
2019-11-11,256.4599914550781,253.3300018310547,255.0500030517578,254.08999633789062,1765600.0,249.01870727539062
2019-11-12,255.75999450683594,253.41000366210938,253.58999633789062,255.25,1892500.0,250.15554809570312
2019-11-13,256.8800048828125,253.19000244140625,254.8699951171875,253.57000732421875,3289800.0,248.50906372070312
2019-11-14,256.0799865722656,253.47000122070312,253.8000030517578,255.8300018310547,2101900.0,250.72396850585938
2019-11-15,275.57000732421875,255.36000061035156,256.1099853515625,269.3999938964844,10136000.0,264.0231018066406
2019-11-18,278.45001220703125,269.0,269.0,272.92999267578125,6985200.0,267.482666015625
2019-11-19,275.3599853515625,271.54998779296875,275.239990234375,274.2300109863281,4002000.0,268.7567138671875
2019-11-20,276.0299987792969,271.239990234375,272.25,275.55999755859375,4141600.0,270.0601806640625
2019-11-21,277.67999267578125,273.9100036621094,275.2200012207031,276.54998779296875,3309800.0,271.0303955078125
2019-11-22,277.7699890136719,275.0,276.5299987792969,276.8399963378906,2802700.0,271.3146057128906
2019-11-25,283.0,277.010009765625,277.7799987792969,282.6700134277344,4082900.0,277.0282897949219
2019-11-26,282.25,280.1600036621094,280.7099914550781,281.3999938964844,2998600.0,275.7835998535156
2019-11-27,281.92999267578125,278.69000244140625,281.010009765625,280.6700134277344,2323900.0,275.0682067871094
2019-11-29,280.9200134277344,277.3299865722656,278.1000061035156,279.8699951171875,1520900.0,274.2841491699219
2019-12-02,282.0,278.57000732421875,281.7799987792969,279.6600036621094,2517100.0,274.078369140625
2019-12-03,278.4200134277344,273.8500061035156,276.9700012207031,276.8999938964844,3239200.0,271.3734436035156
2019-12-04,281.8399963378906,278.6400146484375,281.6199951171875,279.32000732421875,2694200.0,273.7451477050781
2019-12-05,282.82000732421875,277.4800109863281,279.239990234375,282.0,3357300.0,276.3716125488281
2019-12-06,283.0400085449219,279.1099853515625,282.8399963378906,280.19000244140625,2828900.0,275.6534729003906
2019-12-09,280.8699951171875,277.4200134277344,280.7699890136719,277.5400085449219,2697100.0,273.04638671875
2019-12-10,279.6000061035156,274.010009765625,277.6000061035156,279.5199890136719,2515300.0,274.9942932128906
2019-12-11,280.6600036621094,278.0299987792969,278.29998779296875,280.5,2751300.0,275.95843505859375
2019-12-12,283.989990234375,280.0400085449219,281.0299987792969,283.6099853515625,2996200.0,279.01806640625
2019-12-13,287.80999755859375,284.1199951171875,284.9700012207031,285.4800109863281,3599300.0,280.8577880859375
2019-12-16,295.44000244140625,287.05999755859375,287.9700012207031,292.0299987792969,4663600.0,287.3017578125
2019-12-17,292.7799987792969,289.1700134277344,291.239990234375,290.4700012207031,4409100.0,285.7669982910156
2019-12-18,294.8599853515625,290.989990234375,291.0,292.8999938964844,3621600.0,288.1576843261719
2019-12-19,297.20001220703125,293.6199951171875,295.0,294.6199951171875,2905900.0,289.8498229980469
2019-12-20,300.0,292.510009765625,298.8999938964844,292.5899963378906,6608300.0,287.8526916503906
2019-12-23,295.8500061035156,292.80999755859375,293.42999267578125,295.0899963378906,2098900.0,290.3122253417969
2019-12-24,295.8299865722656,293.55999755859375,295.260009765625,294.5400085449219,714000.0,289.7711181640625
2019-12-26,296.260009765625,294.5400085449219,295.29998779296875,295.6499938964844,1050600.0,290.8631286621094
2019-12-27,296.5400085449219,295.010009765625,296.010009765625,295.9700012207031,1547100.0,291.177978515625
2019-12-30,296.5400085449219,293.45001220703125,296.04998779296875,293.8500061035156,1511700.0,289.09228515625
2019-12-31,294.0899963378906,291.1499938964844,293.6600036621094,293.9800109863281,2224200.0,289.2201843261719
2020-01-02,295.70001220703125,289.7900085449219,293.9800109863281,292.5,2543400.0,287.76416015625
2020-01-03,291.8800048828125,284.3599853515625,287.2699890136719,289.5400085449219,2711400.0,284.8520812988281
2020-01-06,291.6600036621094,287.2200012207031,288.0,291.54998779296875,3079100.0,286.8294982910156
2020-01-07,291.489990234375,287.5799865722656,290.70001220703125,289.7900085449219,2492900.0,285.0980529785156
2020-01-08,297.3800048828125,290.0400085449219,291.5,295.8999938964844,3379200.0,291.1091003417969
2020-01-09,297.20001220703125,293.7200012207031,294.2900085449219,294.2200012207031,2838200.0,289.4562683105469
2020-01-10,296.07000732421875,292.2099914550781,296.07000732421875,295.1300048828125,2477900.0,290.3515319824219
2020-01-13,294.45001220703125,285.0199890136719,294.3699951171875,285.8500061035156,6994900.0,281.2218017578125
2020-01-14,288.239990234375,284.25,285.6000061035156,288.239990234375,6056300.0,283.5731506347656
2020-01-15,299.6400146484375,289.0,289.0199890136719,296.4100036621094,6081300.0,291.6108093261719
2020-01-16,300.989990234375,295.92999267578125,298.0,300.739990234375,3710300.0,295.8707275390625
2020-01-17,300.70001220703125,295.8800048828125,300.010009765625,298.4700012207031,4632200.0,293.6374816894531
2020-01-21,302.5400085449219,296.010009765625,296.8900146484375,300.5299987792969,4962800.0,295.66412353515625
2020-01-22,302.1300048828125,297.3500061035156,301.989990234375,300.5899963378906,3117600.0,295.7231750488281
2020-01-23,300.5799865722656,296.6499938964844,300.010009765625,299.4599914550781,3169600.0,294.6114501953125
2020-01-24,299.92999267578125,291.55999755859375,298.3399963378906,292.80999755859375,3678500.0,288.06915283203125
2020-01-27,288.0799865722656,280.07000732421875,288.0,284.0899963378906,4399400.0,279.4903259277344
2020-01-28,288.3699951171875,283.29998779296875,283.9100036621094,285.8699951171875,4341000.0,281.2414855957031
2020-01-29,286.19000244140625,280.8900146484375,284.0,282.8999938964844,3963800.0,278.319580078125
2020-01-30,281.8399963378906,275.9200134277344,281.8399963378906,280.9800109863281,4211800.0,276.4306640625
2020-01-31,278.7799987792969,271.17999267578125,278.1700134277344,272.45001220703125,5532600.0,268.0387878417969
2020-02-03,276.8500061035156,270.82000732421875,275.1300048828125,274.0199890136719,5646800.0,269.5833740234375
2020-02-04,283.5,276.8800048828125,277.2799987792969,280.8399963378906,4290200.0,276.2929382324219
2020-02-05,297.0,285.44000244140625,285.6000061035156,295.7300109863281,5761000.0,290.94189453125
2020-02-06,297.2699890136719,290.0,297.0,292.4599914550781,3044000.0,287.72479248046875
2020-02-07,293.3900146484375,288.9100036621094,292.8699951171875,289.2200012207031,3425900.0,284.5372619628906
2020-02-10,289.2900085449219,285.45001220703125,286.2300109863281,287.0299987792969,3147400.0,282.3827209472656
2020-02-11,291.57000732421875,285.8999938964844,286.8500061035156,290.7900085449219,2992200.0,286.08184814453125
2020-02-12,305.0,294.010009765625,295.0,303.4800109863281,6701900.0,298.5663757324219
2020-02-13,305.8999938964844,300.1400146484375,300.1400146484375,302.20001220703125,3565500.0,297.3070983886719
2020-02-14,303.9700012207031,297.30999755859375,302.2099914550781,298.7799987792969,2485600.0,293.94244384765625
2020-02-18,303.3500061035156,299.0,299.6700134277344,302.1400146484375,3241700.0,297.2480773925781
2020-02-19,306.7099914550781,302.7300109863281,303.3699951171875,305.30999755859375,3021100.0,300.36676025390625
2020-02-20,304.1600036621094,297.8900146484375,303.20001220703125,302.1300048828125,2885500.0,297.23822021484375
2020-02-21,302.510009765625,298.6099853515625,300.4700012207031,301.42999267578125,2987100.0,296.549560546875
2020-02-24,288.989990234375,277.6400146484375,286.8900146484375,277.7900085449219,8790600.0,273.2923278808594
2020-02-25,281.9800109863281,262.010009765625,280.1499938964844,263.3900146484375,8171200.0,259.1255187988281
2020-02-26,269.8299865722656,258.7099914550781,264.7200012207031,263.0,6806600.0,258.74176025390625
2020-02-27,262.1499938964844,252.07000732421875,258.4200134277344,253.9199981689453,7604300.0,249.80880737304688
2020-02-28,257.1000061035156,245.3000030517578,246.1999969482422,254.9600067138672,9964000.0,250.8319549560547
2020-03-02,273.239990234375,250.32000732421875,257.3399963378906,273.1099853515625,8866300.0,268.6880798339844
2020-03-03,280.3500061035156,259.2300109863281,275.3500061035156,261.3999938964844,9188100.0,257.1676940917969
2020-03-04,295.8399963378906,282.2099914550781,290.0,289.4200134277344,14533000.0,284.7340393066406
2020-03-05,289.4200134277344,279.94000244140625,281.6000061035156,282.9599914550781,5908400.0,278.37860107421875
2020-03-06,284.9700012207031,271.8999938964844,275.4200134277344,283.8699951171875,5361900.0,279.2738952636719
2020-03-09,281.44000244140625,259.239990234375,264.4599914550781,273.44000244140625,8070700.0,269.01275634765625
2020-03-10,283.8999938964844,272.5,279.7200012207031,280.0,7366000.0,275.4665222167969
2020-03-11,285.239990234375,273.260009765625,274.760009765625,277.7799987792969,7744600.0,273.282470703125
2020-03-12,272.2300109863281,250.0,260.0,250.41000366210938,10496600.0,246.3556365966797
2020-03-13,273.2200012207031,242.27000427246094,260.989990234375,272.0400085449219,9308400.0,268.7947082519531
2020-03-16,245.67999267578125,223.9499969482422,243.9199981689453,225.0399932861328,10303500.0,222.3553924560547
2020-03-17,248.75999450683594,228.2899932861328,230.82000732421875,244.22000122070312,9642200.0,241.3065948486328
2020-03-18,231.4499969482422,200.19000244140625,225.75,217.05999755859375,12917500.0,214.4705810546875
2020-03-19,226.1199951171875,208.94000244140625,216.97999572753906,219.8000030517578,8065200.0,217.1779022216797
2020-03-20,232.63999938964844,203.4600067138672,223.17999267578125,206.58999633789062,9364100.0,204.12550354003906
2020-03-23,205.75,187.72000122070312,202.0399932861328,194.86000061035156,10654500.0,192.53543090820312
2020-03-24,220.27000427246094,199.0,202.13999938964844,219.8000030517578,8894400.0,217.1779022216797
2020-03-25,247.50999450683594,216.0,219.08999633789062,234.49000549316406,10014000.0,231.69265747070312
2020-03-26,257.9599914550781,232.3000030517578,234.02999877929688,255.38999938964844,7517600.0,252.3433380126953
2020-03-27,251.60000610351562,238.24000549316406,242.94000244140625,242.4499969482422,4879500.0,239.55770874023438
2020-03-30,254.08999633789062,242.63999938964844,242.63999938964844,251.27999877929688,5329000.0,248.28236389160156
2020-03-31,254.52999877929688,243.0,243.47999572753906,249.3800048828125,5450000.0,246.40504455566406
2020-04-01,246.61000061035156,235.44000244140625,238.69000244140625,237.32000732421875,4548800.0,234.48890686035156
2020-04-02,242.0,226.02999877929688,235.3000030517578,240.44000244140625,4636800.0,237.57168579101562
2020-04-03,239.33999633789062,227.27000427246094,238.32000732421875,229.49000549316406,4650300.0,226.75233459472656
2020-04-06,249.2899932861328,235.1199951171875,240.0,248.33999633789062,6365900.0,245.37744140625
2020-04-07,266.7099914550781,246.5399932861328,259.80999755859375,248.0399932861328,4984100.0,245.0810089111328
2020-04-08,269.1600036621094,246.25999450683594,247.69000244140625,267.8299865722656,6390200.0,264.63494873046875
2020-04-09,270.3999938964844,261.6000061035156,265.0,264.1300048828125,4925500.0,260.9790954589844
2020-04-13,264.9599914550781,258.17999267578125,262.05999755859375,263.510009765625,2964900.0,260.3664855957031
2020-04-14,273.07000732421875,267.0,269.0,270.5,4778900.0,267.2730712890625
2020-04-15,282.989990234375,270.67999267578125,276.3299865722656,281.67999267578125,7841800.0,278.3197021484375
2020-04-16,300.0,280.010009765625,283.44000244140625,298.42999267578125,7738900.0,294.8699035644531
2020-04-17,304.0,287.1000061035156,300.989990234375,290.55999755859375,5857500.0,287.0937805175781
2020-04-20,289.010009765625,281.2699890136719,285.29998779296875,282.1400146484375,4072600.0,278.7742614746094
2020-04-21,280.0,273.25,274.95001220703125,274.19000244140625,3977500.0,270.9190673828125
2020-04-22,283.82000732421875,276.7099914550781,279.5799865722656,277.0199890136719,3663300.0,273.7153015136719
2020-04-23,288.4599914550781,278.5400085449219,279.05999755859375,285.3299865722656,4420500.0,281.9261474609375
2020-04-24,291.8999938964844,284.0,287.2900085449219,291.2900085449219,3265000.0,287.8150939941406
2020-04-27,296.8599853515625,290.6300048828125,293.2099914550781,293.9800109863281,3706200.0,290.4729919433594
2020-04-28,298.25,285.6199951171875,298.0,288.3599853515625,3862900.0,284.9200134277344
2020-04-29,292.75,286.1000061035156,292.0,287.6499938964844,4258400.0,284.21844482421875
2020-04-30,295.0,285.5199890136719,286.6499938964844,292.4700012207031,7631700.0,288.9809875488281
2020-05-01,289.0,279.6000061035156,288.3900146484375,284.510009765625,3526100.0,281.115966796875
2020-05-04,287.94000244140625,282.1099853515625,284.489990234375,287.5400085449219,2894200.0,284.10980224609375
2020-05-05,296.0,287.2900085449219,289.9599914550781,293.0400085449219,2501300.0,289.544189453125
2020-05-06,297.67999267578125,288.44000244140625,295.1000061035156,288.7699890136719,2579200.0,285.3251037597656
2020-05-07,292.2900085449219,284.5199890136719,291.05999755859375,285.0,3162300.0,281.60009765625
2020-05-08,290.0,285.6600036621094,289.489990234375,287.0,3200000.0,283.57623291015625
2020-05-11,290.1000061035156,285.260009765625,285.55999755859375,288.69000244140625,3490700.0,285.24609375
2020-05-12,293.1499938964844,287.70001220703125,291.7699890136719,287.70001220703125,4214300.0,284.2679138183594
2020-05-13,286.3999938964844,275.55999755859375,284.489990234375,278.0,5474100.0,274.68359375
2020-05-14,292.45001220703125,275.6400146484375,275.92999267578125,290.6099853515625,5704600.0,287.1431579589844
2020-05-15,300.0,290.7200012207031,292.4100036621094,290.9599914550781,12182800.0,287.4889831542969
2020-05-18,299.7200012207031,292.0199890136719,298.4800109863281,293.3599853515625,4017300.0,289.8603820800781
2020-05-19,294.6300048828125,288.8800048828125,290.739990234375,289.04998779296875,3059400.0,285.601806640625
2020-05-20,292.8999938964844,286.70001220703125,292.8999938964844,287.989990234375,3200600.0,284.554443359375
2020-05-21,290.1300048828125,284.92999267578125,286.0400085449219,286.9100036621094,3604900.0,283.4873046875
2020-05-22,290.239990234375,284.7900085449219,287.29998779296875,289.94000244140625,2922800.0,286.481201171875
2020-05-26,297.0299987792969,292.5,296.5,294.8900146484375,4567800.0,291.3721618652344
2020-05-27,303.79998779296875,290.79998779296875,297.4200134277344,303.7699890136719,5618900.0,300.14617919921875
2020-05-28,309.6600036621094,303.2900085449219,305.95001220703125,303.9700012207031,4387700.0,300.34381103515625
2020-05-29,308.3699951171875,300.8500061035156,304.7200012207031,304.8500061035156,6253000.0,301.21331787109375
2020-06-01,305.9800109863281,300.55999755859375,304.0199890136719,305.92999267578125,2894000.0,302.2804260253906
2020-06-02,308.1000061035156,301.7300109863281,305.5799865722656,306.30999755859375,2756800.0,302.6558837890625
2020-06-03,310.1199951171875,302.739990234375,307.8500061035156,305.3500061035156,4360000.0,301.70733642578125
2020-06-04,304.4700012207031,294.2900085449219,303.17999267578125,298.0799865722656,4374300.0,294.5240478515625
2020-06-05,314.2799987792969,300.5,304.0,311.8500061035156,5554300.0,308.12982177734375
2020-06-08,315.8399963378906,307.92999267578125,308.6400146484375,309.4800109863281,4635500.0,305.7880859375
2020-06-09,312.6499938964844,307.3299865722656,309.8999938964844,309.2099914550781,3061500.0,305.52130126953125
2020-06-10,310.30999755859375,302.8599853515625,308.94000244140625,305.75,3296100.0,302.1025695800781
2020-06-11,303.3599853515625,280.79998779296875,303.3599853515625,283.7300109863281,6638900.0,280.3452453613281
2020-06-12,294.1000061035156,278.70001220703125,290.6499938964844,285.1499938964844,5416200.0,281.7483215332031
2020-06-15,287.0,273.7099914550781,278.0199890136719,286.2799987792969,4494600.0,282.8648376464844
2020-06-16,297.57000732421875,287.44000244140625,295.44000244140625,293.0,4245400.0,289.50469970703125
2020-06-17,295.1000061035156,291.2300109863281,295.1000061035156,292.6000061035156,2538000.0,289.10943603515625
2020-06-18,291.7799987792969,286.6000061035156,290.42999267578125,291.4800109863281,2926600.0,288.0027770996094
2020-06-19,296.5199890136719,290.9100036621094,294.42999267578125,291.239990234375,5172800.0,289.0050354003906
2020-06-22,293.0,286.260009765625,289.7900085449219,292.6700134277344,2174100.0,290.4241027832031
2020-06-23,299.2799987792969,291.07000732421875,294.010009765625,297.6000061035156,4023400.0,295.3162536621094
2020-06-24,297.1000061035156,285.57000732421875,293.989990234375,289.17999267578125,3399900.0,286.9608459472656
2020-06-25,296.7799987792969,286.05999755859375,288.2799987792969,296.2200012207031,3112500.0,293.94683837890625
2020-06-26,296.5799865722656,285.82000732421875,295.1400146484375,286.8800048828125,5043200.0,284.6784973144531
2020-06-29,292.2799987792969,286.6199951171875,288.45001220703125,289.760009765625,2356700.0,287.5364074707031
2020-06-30,296.45001220703125,287.6600036621094,288.57000732421875,294.95001220703125,2932900.0,292.68658447265625
2020-07-01,300.3999938964844,295.239990234375,295.8299865722656,297.7300109863281,2303800.0,295.44525146484375
2020-07-02,303.0799865722656,297.17999267578125,300.5,298.260009765625,1971700.0,295.97119140625
2020-07-06,303.489990234375,299.3299865722656,303.0,302.80999755859375,2395000.0,300.48626708984375
2020-07-07,303.55999755859375,295.95001220703125,300.6600036621094,296.6499938964844,2075700.0,294.3735046386719
2020-07-08,300.8699951171875,295.67999267578125,297.3500061035156,298.3599853515625,1987400.0,296.07037353515625
2020-07-09,298.54998779296875,287.5,295.1000061035156,291.1600036621094,3061700.0,288.9256591796875
2020-07-10,294.239990234375,287.1000061035156,294.239990234375,291.2300109863281,2391600.0,288.9951171875
2020-07-13,304.5199890136719,291.7699890136719,292.0899963378906,299.7099914550781,4263300.0,297.4100341796875
2020-07-14,309.739990234375,296.7099914550781,297.80999755859375,308.5199890136719,4234900.0,306.1524353027344
2020-07-15,310.69000244140625,298.6600036621094,301.1199951171875,304.07000732421875,5116900.0,301.7366027832031
2020-07-16,310.8500061035156,303.1600036621094,305.010009765625,307.1499938964844,3844500.0,304.7929382324219
2020-07-17,310.9700012207031,306.25,309.0899963378906,306.5299987792969,3016500.0,304.1777038574219
2020-07-20,308.6000061035156,302.3800048828125,306.7900085449219,303.4599914550781,2375500.0,301.1312561035156
2020-07-21,307.0,303.1099853515625,305.0299987792969,305.1099853515625,2341600.0,302.76861572265625
2020-07-22,306.9100036621094,301.80999755859375,304.8599853515625,306.7099914550781,1935800.0,304.3563232421875
2020-07-23,308.5,301.2699890136719,308.20001220703125,302.9700012207031,2367700.0,300.64501953125
2020-07-24,304.2799987792969,299.2300109863281,303.3299865722656,300.7900085449219,2415700.0,298.4817810058594
2020-07-27,302.1300048828125,297.3699951171875,298.42999267578125,298.6000061035156,2060500.0,296.3085632324219
2020-07-28,301.3999938964844,297.2099914550781,297.8900146484375,299.92999267578125,2257400.0,297.62835693359375
2020-07-29,309.75,300.0,301.4599914550781,306.67999267578125,2672700.0,304.3265380859375
2020-07-30,306.4599914550781,298.8900146484375,301.67999267578125,305.2300109863281,2205300.0,302.8876953125
2020-07-31,303.739990234375,298.04998779296875,303.44000244140625,302.7799987792969,3913500.0,300.45648193359375
2020-08-03,304.9100036621094,299.20001220703125,303.5899963378906,303.6099853515625,2628500.0,301.2801208496094
2020-08-04,308.8599853515625,300.07000732421875,301.9100036621094,304.5,3594900.0,302.16326904296875
2020-08-05,312.9599914550781,305.0199890136719,306.8299865722656,312.4700012207031,3014700.0,310.0721435546875
2020-08-06,316.239990234375,310.3999938964844,312.0,314.05999755859375,3305300.0,311.6499328613281
2020-08-07,319.0,313.3399963378906,313.3399963378906,317.0299987792969,2600100.0,314.5971374511719
2020-08-10,320.4700012207031,315.5799865722656,317.0,319.1000061035156,2563600.0,316.6512451171875
2020-08-11,324.57000732421875,314.6600036621094,322.9200134277344,315.54998779296875,3018200.0,313.12847900390625
2020-08-12,323.2900085449219,317.6400146484375,318.0,322.2699890136719,2916500.0,319.7969055175781
2020-08-13,321.8699951171875,317.8399963378906,320.67999267578125,321.5199890136719,2159500.0,319.05267333984375
2020-08-14,323.92999267578125,318.7300109863281,320.5400085449219,323.70001220703125,1787200.0,321.2159729003906
2020-08-17,323.79998779296875,319.3500061035156,321.45001220703125,320.510009765625,2772500.0,318.0504150390625
2020-08-18,322.6700134277344,315.7099914550781,321.9800109863281,316.80999755859375,2520000.0,314.3788146972656
2020-08-19,319.489990234375,315.17999267578125,316.7699890136719,315.3999938964844,2066700.0,312.9796447753906
2020-08-20,315.2799987792969,312.010009765625,314.8299865722656,313.3299865722656,2245600.0,310.9255065917969
2020-08-21,315.2799987792969,310.0899963378906,311.2799987792969,314.1400146484375,2488500.0,311.7293395996094
2020-08-24,316.8999938964844,306.489990234375,316.80999755859375,308.8399963378906,2922200.0,306.469970703125
2020-08-25,312.3599853515625,307.79998779296875,312.20001220703125,312.2200012207031,1879300.0,309.82403564453125
2020-08-26,311.3599853515625,303.6099853515625,310.9800109863281,308.82000732421875,3178900.0,306.4501647949219
2020-08-27,314.7699890136719,305.489990234375,310.4100036621094,311.6700134277344,2321000.0,309.2782897949219
2020-08-28,315.82000732421875,308.9700012207031,312.3399963378906,314.3699951171875,2883500.0,311.9575500488281
2020-08-31,319.55999755859375,312.5400085449219,314.8900146484375,312.54998779296875,4341600.0,310.1515197753906
2020-09-01,314.7200012207031,310.0,310.1600036621094,312.8299865722656,2487100.0,310.4293518066406
2020-09-02,321.2799987792969,312.55999755859375,312.55999755859375,320.239990234375,2846500.0,317.782470703125
2020-09-03,323.82000732421875,313.7300109863281,322.0,316.2300109863281,3872500.0,313.80328369140625
2020-09-04,317.8299865722656,306.6300048828125,316.4800109863281,312.0,2901000.0,309.6057434082031
2020-09-08,311.4599914550781,303.8299865722656,311.0299987792969,307.25,2594500.0,304.8921813964844
2020-09-09,315.32000732421875,308.4200134277344,309.67999267578125,312.0199890136719,2195600.0,309.6255798339844
2020-09-10,314.44000244140625,303.7200012207031,312.7300109863281,304.6000061035156,2421200.0,302.26251220703125
2020-09-11,306.4599914550781,297.2900085449219,305.07000732421875,301.4800109863281,3085900.0,300.39923095703125
2020-09-14,311.1199951171875,303.010009765625,303.010009765625,308.57000732421875,1795500.0,307.46380615234375
2020-09-15,311.4599914550781,306.04998779296875,310.04998779296875,307.2300109863281,1468300.0,306.12860107421875
2020-09-16,312.25,306.20001220703125,309.07000732421875,306.5199890136719,3438200.0,305.421142578125
2020-09-17,307.3800048828125,302.1099853515625,304.5,304.9800109863281,2394100.0,303.8866882324219
2020-09-18,310.3900146484375,303.7699890136719,305.010009765625,308.0199890136719,3795400.0,306.915771484375
2020-09-21,300.5299987792969,291.6600036621094,300.4700012207031,299.19000244140625,4124700.0,298.117431640625
2020-09-22,300.6199951171875,292.9200134277344,298.44000244140625,294.260009765625,3163600.0,293.2051086425781
2020-09-23,296.1000061035156,291.8299865722656,295.0,292.1400146484375,3709900.0,291.09271240234375
2020-09-24,294.92999267578125,289.6400146484375,292.19000244140625,292.6600036621094,2869100.0,291.61083984375
2020-09-25,303.2699890136719,291.2200012207031,291.25,302.5,2455800.0,301.4155578613281
2020-09-28,310.010009765625,302.8299865722656,306.3900146484375,303.2300109863281,2575700.0,302.1429443359375
2020-09-29,305.5,300.67999267578125,303.6700134277344,304.1499938964844,1797800.0,303.05963134765625
2020-09-30,314.5199890136719,303.989990234375,304.0199890136719,311.7699890136719,3497300.0,310.6523132324219
2020-10-01,315.1700134277344,309.1499938964844,312.9100036621094,313.07000732421875,2731200.0,311.9476623535156
2020-10-02,317.3900146484375,308.3599853515625,312.1000061035156,311.9800109863281,2338000.0,310.861572265625
2020-10-05,318.4200134277344,313.1199951171875,315.07000732421875,318.1499938964844,1638600.0,317.00946044921875
2020-10-06,320.29998779296875,313.489990234375,318.95001220703125,314.45001220703125,2434400.0,313.3227233886719
2020-10-07,324.739990234375,315.82000732421875,315.82000732421875,323.1700134277344,2596600.0,322.011474609375
2020-10-08,325.3500061035156,320.989990234375,323.42999267578125,322.4100036621094,2056700.0,321.2541809082031
2020-10-09,328.1700134277344,323.9200134277344,324.6600036621094,327.8399963378906,2028900.0,326.6647033691406
2020-10-12,333.55999755859375,329.010009765625,329.1199951171875,329.9700012207031,2424200.0,328.7870788574219
2020-10-13,333.70001220703125,327.7099914550781,328.5,331.4200134277344,2713500.0,330.2319030761719
2020-10-14,330.57000732421875,320.20001220703125,322.07000732421875,321.8500061035156,4455400.0,320.6961975097656
2020-10-15,326.9700012207031,316.3299865722656,318.8500061035156,324.57000732421875,3172200.0,323.4064636230469
2020-10-16,332.3500061035156,324.7300109863281,325.4599914550781,329.8999938964844,3293300.0,328.7173156738281
2020-10-19,330.7799987792969,322.05999755859375,328.5400085449219,324.2200012207031,2482100.0,323.0577087402344
2020-10-20,328.6199951171875,323.2799987792969,326.6199951171875,323.4100036621094,1988600.0,322.2506103515625
2020-10-21,326.489990234375,322.17999267578125,323.4100036621094,322.7900085449219,2139000.0,321.6328430175781
2020-10-22,328.05999755859375,322.25,322.32000732421875,325.7300109863281,2100600.0,324.5622863769531
2020-10-23,335.6499938964844,328.1300048828125,329.1600036621094,330.6000061035156,2349500.0,329.4148254394531
2020-10-26,327.75,318.5400085449219,326.32000732421875,323.05999755859375,2408500.0,321.90185546875
2020-10-27,323.5,319.42999267578125,323.05999755859375,320.510009765625,2427700.0,319.3609924316406
2020-10-28,317.80999755859375,307.44000244140625,313.3299865722656,308.0,3301400.0,306.8958435058594
2020-10-29,309.4800109863281,301.4599914550781,306.5899963378906,303.67999267578125,3279200.0,302.59130859375
2020-10-30,307.1700134277344,299.6000061035156,303.2300109863281,305.1400146484375,3556800.0,304.0461120605469
2020-11-02,312.6400146484375,307.3599853515625,312.6400146484375,312.1000061035156,4519000.0,310.98114013671875
2020-11-03,326.44000244140625,315.0199890136719,317.4700012207031,321.3500061035156,4043900.0,320.197998046875
2020-11-04,360.44000244140625,341.1400146484375,345.2300109863281,354.55999755859375,10344900.0,353.2889404296875
2020-11-05,360.9800109863281,349.67999267578125,358.07000732421875,354.3999938964844,4786500.0,353.1294860839844
2020-11-06,352.0,344.57000732421875,350.3599853515625,347.4599914550781,2994900.0,346.2143859863281
2020-11-09,367.95001220703125,348.9800109863281,366.30999755859375,350.0,4635300.0,348.7452697753906
2020-11-10,355.8999938964844,348.1700134277344,349.489990234375,353.69000244140625,3733200.0,352.42205810546875
2020-11-11,356.80999755859375,349.4100036621094,356.1600036621094,351.70001220703125,2048200.0,350.439208984375
2020-11-12,360.5199890136719,349.75,351.3999938964844,354.4100036621094,2907300.0,353.13946533203125
2020-11-13,357.94000244140625,352.7900085449219,356.8599853515625,355.6700134277344,2442100.0,354.39495849609375
2020-11-16,359.5799865722656,351.010009765625,358.95001220703125,356.82000732421875,2790100.0,355.54083251953125
2020-11-17,353.3599853515625,347.5,352.3900146484375,352.1000061035156,2557600.0,350.8377685546875
2020-11-18,354.04998779296875,343.0899963378906,353.42999267578125,344.510009765625,2722500.0,343.27496337890625
2020-11-19,343.07000732421875,334.3299865722656,342.2900085449219,337.0,3935600.0,335.7918701171875
2020-11-20,337.6600036621094,331.7099914550781,335.0,334.70001220703125,3702000.0,333.5001525878906
2020-11-23,336.260009765625,331.5899963378906,335.54998779296875,335.05999755859375,2535700.0,333.85882568359375
2020-11-24,340.0,334.42999267578125,336.17999267578125,336.010009765625,3759700.0,334.8054504394531
2020-11-25,338.82000732421875,329.1400146484375,338.82000732421875,333.19000244140625,3145100.0,331.99554443359375
2020-11-27,338.8999938964844,331.8399963378906,333.5299987792969,337.94000244140625,1558600.0,336.728515625
2020-11-30,337.94000244140625,330.2900085449219,335.1099853515625,336.3399963378906,5265700.0,335.1342468261719
2020-12-01,354.1000061035156,339.92999267578125,344.7699890136719,341.19000244140625,3817700.0,339.96685791015625
2020-12-02,351.8299865722656,341.5,341.7699890136719,347.55999755859375,2864300.0,346.31402587890625
2020-12-03,352.7699890136719,346.489990234375,347.8999938964844,348.67999267578125,4169200.0,347.42999267578125
2020-12-04,351.4700012207031,345.75,346.0,349.8900146484375,3255100.0,349.8900146484375
2020-12-07,349.8900146484375,345.2200012207031,348.7200012207031,347.8599853515625,2999400.0,347.8599853515625
2020-12-08,349.8999938964844,344.0799865722656,344.75,347.8599853515625,2471200.0,347.8599853515625
2020-12-09,349.4100036621094,341.6099853515625,348.8900146484375,344.4100036621094,2600400.0,344.4100036621094
2020-12-10,345.4599914550781,339.260009765625,345.1600036621094,339.6499938964844,2896900.0,339.6499938964844
2020-12-11,338.8800048828125,334.3299865722656,338.1300048828125,337.07000732421875,3071700.0,337.07000732421875
2020-12-14,343.2300109863281,335.8599853515625,340.0299987792969,336.1300048828125,2479000.0,336.1300048828125
2020-12-15,341.010009765625,337.0400085449219,339.1400146484375,339.6700134277344,2616900.0,339.6700134277344
2020-12-16,341.6600036621094,334.260009765625,336.8299865722656,339.3399963378906,2365600.0,339.3399963378906
2020-12-17,342.6000061035156,337.30999755859375,339.80999755859375,341.6700134277344,2525700.0,341.6700134277344
2020-12-18,342.6099853515625,334.0,342.5199890136719,338.3800048828125,8742700.0,338.3800048828125
2020-12-21,336.95001220703125,329.3999938964844,332.07000732421875,336.0799865722656,2892700.0,336.0799865722656
2020-12-22,336.9800109863281,333.4700012207031,335.1600036621094,335.010009765625,2069700.0,335.010009765625
2020-12-23,341.6499938964844,336.0299987792969,336.489990234375,337.5899963378906,2348100.0,337.5899963378906
2020-12-24,341.4100036621094,336.44000244140625,336.44000244140625,340.7900085449219,1360600.0,340.7900085449219
2020-12-28,347.7900085449219,343.05999755859375,343.2099914550781,345.95001220703125,2308200.0,345.95001220703125
2020-12-29,351.2900085449219,345.0,347.989990234375,347.3500061035156,2275700.0,347.3500061035156
2020-12-30,349.010009765625,344.4700012207031,347.0799865722656,344.989990234375,1866000.0,344.989990234375
2020-12-31,351.0899963378906,344.04998779296875,345.0400085449219,350.67999267578125,1969000.0,350.67999267578125
